epoch,training accuracy,training loss,training error,validation accuracy,validation loss,validation error,learning rate,time,test accuracy,test loss,test error
1,0.0000,0.0000,1.6000,0.0000,0.0000,0.0000,0.0010000,0,,,
2,0.0000,0.0000,1.5028,0.0000,0.0000,0.0000,0.0010000,0,,,
3,0.0000,0.0000,1.4187,0.0000,0.0000,0.0000,0.0010000,0,,,
4,0.0000,0.0000,1.5829,0.0000,0.0000,0.0000,0.0010000,0,,,
5,0.0000,0.0000,1.4371,0.0000,0.0000,0.0000,0.0010000,0,,,
6,0.0000,0.0000,1.5466,0.0000,0.0000,0.0000,0.0010000,1,,,
7,0.0000,0.0000,1.5210,0.0000,0.0000,0.0000,0.0010000,1,,,
8,0.0000,0.0000,1.4706,0.0000,0.0000,0.0000,0.0010000,1,,,
9,0.0000,0.0000,1.4856,0.0000,0.0000,0.0000,0.0010000,1,,,
10,0.0000,0.0000,1.4192,0.0000,0.0000,0.0000,0.0010000,1,0.0000,0.0000,0.0000
11,0.0000,0.0000,1.3837,0.0000,0.0000,0.0000,0.0010000,1,,,
12,0.0000,0.0000,1.4418,0.0000,0.0000,0.0000,0.0010000,1,,,
13,0.0000,0.0000,1.3409,0.0000,0.0000,0.0000,0.0010000,1,,,
14,0.0000,0.0000,1.5086,0.0000,0.0000,0.0000,0.0010000,1,,,
15,0.0000,0.0000,1.4143,0.0000,0.0000,0.0000,0.0010000,1,,,
16,0.0000,0.0000,1.4466,0.0000,0.0000,0.0000,0.0010000,1,,,
17,0.0000,0.0000,1.4042,0.0000,0.0000,0.0000,0.0010000,1,,,
18,0.0000,0.0000,1.5308,0.0000,0.0000,0.0000,0.0010000,1,,,
19,0.0000,0.0000,1.4025,0.0000,0.0000,0.0000,0.0010000,1,,,
20,0.0000,0.0000,1.5170,0.0000,0.0000,0.0000,0.0010000,1,0.0000,0.0000,0.0000
21,0.0000,0.0000,1.4985,0.0000,0.0000,0.0000,0.0010000,1,,,
22,0.0000,0.0000,1.4637,0.0000,0.0000,0.0000,0.0010000,1,,,
23,0.0000,0.0000,1.5082,0.0000,0.0000,0.0000,0.0010000,1,,,
24,0.0000,0.0000,1.5964,0.0000,0.0000,0.0000,0.0010000,1,,,
25,0.0000,0.0000,1.4212,0.0000,0.0000,0.0000,0.0010000,1,,,
26,0.0000,0.0000,1.5519,0.0000,0.0000,0.0000,0.0010000,1,,,
27,0.0000,0.0000,1.6386,0.0000,0.0000,0.0000,0.0010000,1,,,
28,0.0000,0.0000,1.4914,0.0000,0.0000,0.0000,0.0010000,1,,,
29,0.0000,0.0000,1.3989,0.0000,0.0000,0.0000,0.0010000,1,,,
30,0.0000,0.0000,1.6119,0.0000,0.0000,0.0000,0.0010000,1,0.0000,0.0000,0.0000
31,0.0000,0.0000,1.4088,0.0000,0.0000,0.0000,0.0010000,2,,,
32,0.0000,0.0000,1.5546,0.0000,0.0000,0.0000,0.0010000,2,,,
33,0.0000,0.0000,1.5706,0.0000,0.0000,0.0000,0.0010000,2,,,
34,0.0000,0.0000,1.4650,0.0000,0.0000,0.0000,0.0010000,2,,,
35,0.0000,0.0000,1.5216,0.0000,0.0000,0.0000,0.0010000,2,,,
36,0.0000,0.0000,1.5021,0.0000,0.0000,0.0000,0.0010000,2,,,
37,0.0000,0.0000,1.7521,0.0000,0.0000,0.0000,0.0010000,2,,,
38,0.0000,0.0000,1.6636,0.0000,0.0000,0.0000,0.0010000,2,,,
39,0.0000,0.0000,1.5850,0.0000,0.0000,0.0000,0.0010000,2,,,
40,0.0000,0.0000,1.6266,0.0000,0.0000,0.0000,0.0010000,2,0.0000,0.0000,0.0000
41,0.0000,0.0000,1.6055,0.0000,0.0000,0.0000,0.0010000,2,,,
42,0.0000,0.0000,1.5828,0.0000,0.0000,0.0000,0.0010000,2,,,
43,0.0000,0.0000,1.7004,0.0000,0.0000,0.0000,0.0010000,2,,,
44,0.0000,0.0000,1.5961,0.0000,0.0000,0.0000,0.0010000,2,,,
45,0.0000,0.0000,1.5737,0.0000,0.0000,0.0000,0.0010000,2,,,
46,0.0000,0.0000,1.6111,0.0000,0.0000,0.0000,0.0010000,2,,,
47,0.0000,0.0000,1.6028,0.0000,0.0000,0.0000,0.0010000,2,,,
48,0.0000,0.0000,1.6696,0.0000,0.0000,0.0000,0.0010000,2,,,
49,0.0000,0.0000,1.6985,0.0000,0.0000,0.0000,0.0010000,2,,,
50,0.0000,0.0000,1.6770,0.0000,0.0000,0.0000,0.0010000,2,0.0000,0.0000,0.0000
51,0.0000,0.0000,1.6447,0.0000,0.0000,0.0000,0.0010000,2,,,
52,0.0000,0.0000,1.6046,0.0000,0.0000,0.0000,0.0010000,2,,,
53,0.0000,0.0000,1.7086,0.0000,0.0000,0.0000,0.0010000,2,,,
54,0.0000,0.0000,1.6282,0.0000,0.0000,0.0000,0.0010000,2,,,
55,0.0000,0.0000,1.5718,0.0000,0.0000,0.0000,0.0010000,3,,,
56,0.0000,0.0000,1.5829,0.0000,0.0000,0.0000,0.0010000,3,,,
57,0.0000,0.0000,1.5032,0.0000,0.0000,0.0000,0.0010000,3,,,
58,0.0000,0.0000,1.6242,0.0000,0.0000,0.0000,0.0010000,3,,,
59,0.0000,0.0000,1.5834,0.0000,0.0000,0.0000,0.0010000,3,,,
60,0.0000,0.0000,1.6140,0.0000,0.0000,0.0000,0.0010000,3,0.0000,0.0000,0.0000
61,0.0000,0.0000,1.6976,0.0000,0.0000,0.0000,0.0010000,3,,,
62,0.0000,0.0000,1.6729,0.0000,0.0000,0.0000,0.0010000,3,,,
63,0.0000,0.0000,1.5734,0.0000,0.0000,0.0000,0.0010000,3,,,
64,0.0000,0.0000,1.6910,0.0000,0.0000,0.0000,0.0010000,3,,,
65,0.0006,0.0000,1.5937,0.0000,0.0000,0.0000,0.0010000,3,,,
66,0.0006,0.0000,1.7189,0.0000,0.0000,0.0000,0.0010000,3,,,
67,0.0012,0.0000,1.7250,0.0000,0.0000,0.0000,0.0010000,3,,,
68,0.0018,0.0000,1.5856,0.0000,0.0000,0.0000,0.0010000,3,,,
69,0.0018,0.0000,1.6242,0.0000,0.0000,0.0000,0.0010000,3,,,
70,0.0023,0.0000,1.4330,0.0000,0.0000,0.0000,0.0010000,3,0.0000,0.0000,0.0000
71,0.0029,0.0000,1.5517,0.0000,0.0000,0.0000,0.0010000,3,,,
72,0.0029,0.0000,1.6653,0.0000,0.0000,0.0000,0.0010000,3,,,
73,0.0035,0.0000,1.6068,0.0000,0.0000,0.0000,0.0010000,3,,,
74,0.0040,0.0000,1.5974,0.0000,0.0000,0.0000,0.0010000,3,,,
75,0.0058,0.0000,1.4317,0.0000,0.0000,0.0000,0.0010000,3,,,
76,0.0057,0.0000,1.5796,0.0000,0.0000,0.0000,0.0010000,3,,,
77,0.0063,0.0000,1.6396,0.0000,0.0000,0.0000,0.0010000,3,,,
78,0.0074,0.0000,1.5971,0.0000,0.0000,0.0000,0.0010000,3,,,
79,0.0085,0.0000,1.5309,0.0000,0.0000,0.0000,0.0010000,4,,,
80,0.0096,0.0000,1.6034,0.0000,0.0000,0.0000,0.0010000,4,0.0000,0.0000,0.0000
81,0.0102,0.0000,1.6032,0.0000,0.0000,0.0000,0.0010000,4,,,
82,0.0106,0.0000,1.5395,0.0000,0.0000,0.0000,0.0010000,4,,,
83,0.0105,0.0000,1.5818,0.0000,0.0000,0.0000,0.0010000,4,,,
84,0.0110,0.0000,1.5779,0.0000,0.0000,0.0000,0.0010000,4,,,
85,0.0109,0.0000,1.6339,0.0000,0.0000,0.0000,0.0010000,4,,,
86,0.0120,0.0000,1.6094,0.0000,0.0000,0.0000,0.0010000,4,,,
87,0.0125,0.0000,1.5463,0.0000,0.0000,0.0000,0.0010000,4,,,
88,0.0136,0.0000,1.5324,0.0000,0.0000,0.0000,0.0010000,4,,,
89,0.0134,0.0000,1.5967,0.0000,0.0000,0.0000,0.0010000,4,,,
90,0.0139,0.0000,1.5770,0.0000,0.0000,0.0000,0.0010000,4,0.0000,0.0000,0.0000
91,0.0138,0.0000,1.6031,0.0000,0.0000,0.0000,0.0010000,4,,,
92,0.0136,0.0000,1.5859,0.0000,0.0000,0.0000,0.0010000,4,,,
93,0.0147,0.0000,1.5150,0.0000,0.0000,0.0000,0.0010000,4,,,
94,0.0157,0.0000,1.5196,0.0000,0.0000,0.0000,0.0010000,4,,,
95,0.0162,0.0000,1.5535,0.0000,0.0000,0.0000,0.0010000,4,,,
96,0.0166,0.0000,1.5664,0.0000,0.0000,0.0000,0.0010000,4,,,
97,0.0171,0.0000,1.5206,0.0000,0.0000,0.0000,0.0010000,4,,,
98,0.0181,0.0000,1.5378,0.0000,0.0000,0.0000,0.0010000,4,,,
99,0.0185,0.0000,1.5874,0.0000,0.0000,0.0000,0.0010000,4,,,
100,0.0183,0.0000,1.5740,0.0000,0.0000,0.0000,0.0010000,4,0.0000,0.0000,0.0000
101,0.0181,0.0000,1.4963,0.0000,0.0000,0.0000,0.0010000,4,,,
102,0.0186,0.0000,1.5925,0.0000,0.0000,0.0000,0.0010000,4,,,
103,0.0184,0.0000,1.6216,0.0000,0.0000,0.0000,0.0010000,4,,,
104,0.0182,0.0000,1.5912,0.0000,0.0000,0.0000,0.0010000,5,,,
105,0.0186,0.0000,1.4028,0.0000,0.0000,0.0000,0.0010000,5,,,
106,0.0190,0.0000,1.5551,0.0000,0.0000,0.0000,0.0010000,5,,,
107,0.0188,0.0000,1.5614,0.0000,0.0000,0.0000,0.0010000,5,,,
108,0.0192,0.0000,1.4549,0.0000,0.0000,0.0000,0.0010000,5,,,
109,0.0196,0.0000,1.4724,0.0000,0.0000,0.0000,0.0010000,5,,,
110,0.0207,0.0000,1.5617,0.0000,0.0000,0.0000,0.0010000,5,0.0000,0.0000,0.0000
111,0.0204,0.0000,1.5117,0.0000,0.0000,0.0000,0.0010000,5,,,
112,0.0208,0.0000,1.5507,0.0000,0.0000,0.0000,0.0010000,5,,,
113,0.0212,0.0000,1.4567,0.0000,0.0000,0.0000,0.0010000,5,,,
114,0.0210,0.0000,1.4567,0.0000,0.0000,0.0000,0.0010000,5,,,
115,0.0208,0.0000,1.4539,0.0000,0.0000,0.0000,0.0010000,5,,,
116,0.0212,0.0000,1.5786,0.0000,0.0000,0.0000,0.0010000,5,,,
117,0.0210,0.0000,1.5501,0.0000,0.0000,0.0000,0.0010000,5,,,
118,0.0214,0.0000,1.5368,0.0000,0.0000,0.0000,0.0010000,5,,,
119,0.0230,0.0000,1.5086,0.0000,0.0000,0.0000,0.0010000,5,,,
120,0.0239,0.0000,1.5840,0.0000,0.0000,0.0000,0.0010000,5,0.0000,0.0000,0.0000
121,0.0237,0.0000,1.5987,0.0000,0.0000,0.0000,0.0010000,5,,,
122,0.0241,0.0000,1.6996,0.0000,0.0000,0.0000,0.0010000,5,,,
123,0.0244,0.0000,1.4416,0.0000,0.0000,0.0000,0.0010000,5,,,
124,0.0242,0.0000,1.5433,0.0000,0.0000,0.0000,0.0010000,5,,,
125,0.0245,0.0000,1.5744,0.0000,0.0000,0.0000,0.0010000,6,,,
126,0.0261,0.0000,1.3588,0.0000,0.0000,0.0000,0.0010000,6,,,
127,0.0264,0.0000,1.5126,0.0000,0.0000,0.0000,0.0010000,6,,,
128,0.0262,0.0000,1.5124,0.0000,0.0000,0.0000,0.0010000,6,,,
129,0.0271,0.0000,1.5334,0.0000,0.0000,0.0000,0.0010000,6,,,
130,0.0286,0.0000,1.4639,0.0000,0.0000,0.0000,0.0010000,6,0.0000,0.0000,0.0000
131,0.0301,0.0000,1.3547,0.0000,0.0000,0.0000,0.0010000,6,,,
132,0.0298,0.0000,1.5079,0.0000,0.0000,0.0000,0.0010000,6,,,
133,0.0307,0.0000,1.4979,0.0000,0.0000,0.0000,0.0010000,6,,,
134,0.0329,0.0000,1.4310,0.0000,0.0000,0.0000,0.0010000,6,,,
135,0.0351,0.0000,1.3910,0.0000,0.0000,0.0000,0.0010000,6,,,
136,0.0360,0.0000,1.3632,0.0000,0.0000,0.0000,0.0010000,6,,,
137,0.0374,0.0000,1.4226,0.0000,0.0000,0.0000,0.0010000,6,,,
138,0.0376,0.0000,1.4851,0.0000,0.0000,0.0000,0.0010000,6,,,
139,0.0397,0.0000,1.3653,0.0000,0.0000,0.0000,0.0010000,6,,,
140,0.0399,0.0000,1.4674,0.0000,0.0000,0.0000,0.0010000,6,0.0000,0.0000,0.0000
141,0.0401,0.0000,1.4693,0.0000,0.0000,0.0000,0.0010000,6,,,
142,0.0409,0.0000,1.4394,0.0000,0.0000,0.0000,0.0010000,6,,,
143,0.0423,0.0000,1.5100,0.0000,0.0000,0.0000,0.0010000,6,,,
144,0.0431,0.0000,1.4622,0.0000,0.0000,0.0000,0.0010000,6,,,
145,0.0433,0.0000,1.5471,0.0000,0.0000,0.0000,0.0010000,6,,,
146,0.0441,0.0000,1.4161,0.0000,0.0000,0.0000,0.0010000,7,,,
147,0.0442,0.0000,1.5167,0.0000,0.0000,0.0000,0.0010000,7,,,
148,0.0456,0.0000,1.4497,0.0000,0.0000,0.0000,0.0010000,7,,,
149,0.0451,0.0000,1.3703,0.0000,0.0000,0.0000,0.0010000,7,,,
150,0.0447,0.0000,1.4788,0.0000,0.0000,0.0000,0.0010000,7,0.0000,0.0000,0.0000
151,0.0454,0.0000,1.5170,0.0000,0.0000,0.0000,0.0010000,7,,,
152,0.0462,0.0000,1.5384,0.0000,0.0000,0.0000,0.0010000,7,,,
153,0.0488,0.0000,1.3662,0.0000,0.0000,0.0000,0.0010000,7,,,
154,0.0489,0.0000,1.4202,0.0000,0.0000,0.0000,0.0010000,7,,,
155,0.0534,0.0000,1.2616,0.0000,0.0000,0.0000,0.0010000,7,,,
156,0.0547,0.0000,1.4357,0.0000,0.0000,0.0000,0.0010000,7,,,
157,0.0566,0.0000,1.3499,0.0000,0.0000,0.0000,0.0010000,7,,,
158,0.0573,0.0000,1.4542,0.0000,0.0000,0.0000,0.0010000,7,,,
159,0.0592,0.0000,1.4310,0.0000,0.0000,0.0000,0.0010000,7,,,
160,0.0604,0.0000,1.4636,0.0000,0.0000,0.0000,0.0010000,7,0.0000,0.0000,0.0000
161,0.0623,0.0000,1.4127,0.0000,0.0000,0.0000,0.0010000,7,,,
162,0.0660,0.0000,1.2090,0.0000,0.0000,0.0000,0.0010000,7,,,
163,0.0671,0.0000,1.5553,0.0000,0.0000,0.0000,0.0010000,7,,,
164,0.0677,0.0000,1.3444,0.0000,0.0000,0.0000,0.0010000,7,,,
165,0.0707,0.0000,1.3297,0.0000,0.0000,0.0000,0.0010000,7,,,
166,0.0731,0.0000,1.3137,0.0000,0.0000,0.0000,0.0010000,7,,,
167,0.0748,0.0000,1.3273,0.0000,0.0000,0.0000,0.0010000,7,,,
168,0.0753,0.0000,1.3719,0.0000,0.0000,0.0000,0.0010000,7,,,
169,0.0751,0.0000,1.4858,0.0000,0.0000,0.0000,0.0010000,7,,,
170,0.0769,0.0000,1.4043,0.0000,0.0000,0.0000,0.0010000,7,0.0000,0.0000,0.0000
171,0.0798,0.0000,1.3575,0.0000,0.0000,0.0000,0.0010000,8,,,
172,0.0815,0.0000,1.3296,0.0000,0.0000,0.0000,0.0010000,8,,,
173,0.0819,0.0000,1.4109,0.0000,0.0000,0.0000,0.0010000,8,,,
174,0.0848,0.0000,1.2798,0.0000,0.0000,0.0000,0.0010000,8,,,
175,0.0851,0.0000,1.3133,0.0000,0.0000,0.0000,0.0010000,8,,,
176,0.0868,0.0000,1.2948,0.0000,0.0000,0.0000,0.0010000,8,,,
177,0.0865,0.0000,1.3967,0.0000,0.0000,0.0000,0.0010000,8,,,
178,0.0869,0.0000,1.3809,0.0000,0.0000,0.0000,0.0010000,8,,,
179,0.0866,0.0000,1.4577,0.0000,0.0000,0.0000,0.0010000,8,,,
180,0.0913,0.0000,1.1812,0.0000,0.0000,0.0000,0.0010000,8,0.0000,0.0000,0.0000
181,0.0947,0.0000,1.3253,0.0000,0.0000,0.0000,0.0010000,8,,,
182,0.0950,0.0000,1.5358,0.0000,0.0000,0.0000,0.0010000,8,,,
183,0.0990,0.0000,1.2991,0.0000,0.0000,0.0000,0.0010000,8,,,
184,0.1005,0.0000,1.2029,0.0000,0.0000,0.0000,0.0010000,8,,,
185,0.1020,0.0000,1.3877,0.0000,0.0000,0.0000,0.0010000,8,,,
186,0.1047,0.0000,1.2780,0.0000,0.0000,0.0000,0.0010000,8,,,
187,0.1048,0.0000,1.3371,0.0000,0.0000,0.0000,0.0010000,8,,,
188,0.1056,0.0000,1.3532,0.0000,0.0000,0.0000,0.0010000,8,,,
189,0.1070,0.0000,1.2699,0.0000,0.0000,0.0000,0.0010000,8,,,
190,0.1097,0.0000,1.2894,0.0000,0.0000,0.0000,0.0010000,8,0.0000,0.0000,0.0000
191,0.1104,0.0000,1.3332,0.0000,0.0000,0.0000,0.0010000,8,,,
192,0.1143,0.0000,1.2371,0.0000,0.0000,0.0000,0.0010000,8,,,
193,0.1162,0.0000,1.2776,0.0000,0.0000,0.0000,0.0010000,8,,,
194,0.1169,0.0000,1.3828,0.0000,0.0000,0.0000,0.0010000,8,,,
195,0.1182,0.0000,1.3439,0.0000,0.0000,0.0000,0.0010000,8,,,
196,0.1195,0.0000,1.2563,0.0000,0.0000,0.0000,0.0010000,9,,,
197,0.1201,0.0000,1.4120,0.0000,0.0000,0.0000,0.0010000,9,,,
198,0.1220,0.0000,1.2454,0.0000,0.0000,0.0000,0.0010000,9,,,
199,0.1251,0.0000,1.3208,0.0000,0.0000,0.0000,0.0010000,9,,,
200,0.1275,0.0000,1.3008,0.0000,0.0000,0.0000,0.0010000,9,0.0000,0.0000,0.0000
201,0.1288,0.0000,1.3019,0.0000,0.0000,0.0000,0.0010000,9,,,
202,0.1306,0.0000,1.2421,0.0000,0.0000,0.0000,0.0010000,9,,,
203,0.1305,0.0000,1.3662,0.0000,0.0000,0.0000,0.0010000,9,,,
204,0.1317,0.0000,1.2693,0.0000,0.0000,0.0000,0.0010000,9,,,
205,0.1322,0.0000,1.4351,0.0000,0.0000,0.0000,0.0010000,9,,,
206,0.1345,0.0000,1.2181,0.0000,0.0000,0.0000,0.0010000,9,,,
207,0.1388,0.0000,1.1013,0.0000,0.0000,0.0000,0.0010000,9,,,
208,0.1380,0.0000,1.3831,0.0000,0.0000,0.0000,0.0010000,9,,,
209,0.1378,0.0000,1.4170,0.0000,0.0000,0.0000,0.0010000,9,,,
210,0.1395,0.0000,1.3181,0.0000,0.0000,0.0000,0.0010000,9,0.0000,0.0000,0.0000
211,0.1412,0.0000,1.2962,0.0000,0.0000,0.0000,0.0010000,9,,,
212,0.1429,0.0000,1.1753,0.0000,0.0000,0.0000,0.0010000,9,,,
213,0.1427,0.0000,1.3891,0.0000,0.0000,0.0000,0.0010000,9,,,
214,0.1431,0.0000,1.3160,0.0000,0.0000,0.0000,0.0010000,9,,,
215,0.1453,0.0000,1.3771,0.0000,0.0000,0.0000,0.0010000,9,,,
216,0.1489,0.0000,1.1708,0.0000,0.0000,0.0000,0.0010000,9,,,
217,0.1530,0.0000,1.1372,0.0000,0.0000,0.0000,0.0010000,9,,,
218,0.1540,0.0000,1.3985,0.0000,0.0000,0.0000,0.0010000,9,,,
219,0.1555,0.0000,1.3791,0.0000,0.0000,0.0000,0.0010000,9,,,
220,0.1565,0.0000,1.3023,0.0000,0.0000,0.0000,0.0010000,9,0.0000,0.0000,0.0000
221,0.1574,0.0000,1.3619,0.0000,0.0000,0.0000,0.0010000,10,,,
222,0.1589,0.0000,1.2111,0.0000,0.0000,0.0000,0.0010000,10,,,
223,0.1592,0.0000,1.4817,0.0000,0.0000,0.0000,0.0010000,10,,,
224,0.1613,0.0000,1.2662,0.0000,0.0000,0.0000,0.0010000,10,,,
225,0.1614,0.0000,1.3853,0.0000,0.0000,0.0000,0.0010000,10,,,
226,0.1629,0.0000,1.2929,0.0000,0.0000,0.0000,0.0010000,10,,,
227,0.1644,0.0000,1.2136,0.0000,0.0000,0.0000,0.0010000,10,,,
228,0.1653,0.0000,1.2340,0.0000,0.0000,0.0000,0.0010000,10,,,
229,0.1648,0.0000,1.3051,0.0000,0.0000,0.0000,0.0010000,10,,,
230,0.1675,0.0000,1.2425,0.0000,0.0000,0.0000,0.0010000,10,0.0000,0.0000,0.0000
231,0.1676,0.0000,1.3612,0.0000,0.0000,0.0000,0.0010000,10,,,
232,0.1696,0.0000,1.2538,0.0000,0.0000,0.0000,0.0010000,10,,,
233,0.1710,0.0000,1.3265,0.0000,0.0000,0.0000,0.0010000,10,,,
234,0.1749,0.0000,1.1087,0.0000,0.0000,0.0000,0.0010000,10,,,
235,0.1744,0.0000,1.3099,0.0000,0.0000,0.0000,0.0010000,10,,,
236,0.1738,0.0000,1.3587,0.0000,0.0000,0.0000,0.0010000,10,,,
237,0.1758,0.0000,1.1944,0.0000,0.0000,0.0000,0.0010000,10,,,
238,0.1765,0.0000,1.2859,0.0000,0.0000,0.0000,0.0010000,10,,,
239,0.1784,0.0000,1.1712,0.0000,0.0000,0.0000,0.0010000,10,,,
240,0.1792,0.0000,1.1821,0.0000,0.0000,0.0000,0.0010000,10,0.0000,0.0000,0.0000
241,0.1780,0.0000,1.3970,0.0000,0.0000,0.0000,0.0010000,10,,,
242,0.1799,0.0000,1.1711,0.0000,0.0000,0.0000,0.0010000,10,,,
243,0.1799,0.0000,1.2622,0.0000,0.0000,0.0000,0.0010000,10,,,
244,0.1799,0.0000,1.2960,0.0000,0.0000,0.0000,0.0010000,10,,,
245,0.1799,0.0000,1.3125,0.0000,0.0000,0.0000,0.0010000,10,,,
246,0.1799,0.0000,1.2233,0.0000,0.0000,0.0000,0.0010000,11,,,
247,0.1818,0.0000,1.1353,0.0000,0.0000,0.0000,0.0010000,11,,,
248,0.1843,0.0000,1.1276,0.0000,0.0000,0.0000,0.0010000,11,,,
249,0.1867,0.0000,1.1820,0.0000,0.0000,0.0000,0.0010000,11,,,
250,0.1886,0.0000,1.1626,0.0000,0.0000,0.0000,0.0010000,11,0.0000,0.0000,0.0000
251,0.1879,0.0000,1.2615,0.0000,0.0000,0.0000,0.0010000,11,,,
252,0.1891,0.0000,1.1819,0.0000,0.0000,0.0000,0.0010000,11,,,
253,0.1915,0.0000,1.2252,0.0000,0.0000,0.0000,0.0010000,11,,,
254,0.1933,0.0000,1.1462,0.0000,0.0000,0.0000,0.0010000,11,,,
255,0.1932,0.0000,1.2822,0.0000,0.0000,0.0000,0.0010000,11,,,
256,0.1930,0.0000,1.2563,0.0000,0.0000,0.0000,0.0010000,11,,,
257,0.1923,0.0000,1.3431,0.0000,0.0000,0.0000,0.0010000,11,,,
258,0.1929,0.0000,1.2671,0.0000,0.0000,0.0000,0.0010000,11,,,
259,0.1960,0.0000,1.1594,0.0000,0.0000,0.0000,0.0010000,11,,,
260,0.1958,0.0000,1.2909,0.0000,0.0000,0.0000,0.0010000,11,0.0000,0.0000,0.0000
261,0.1963,0.0000,1.2420,0.0000,0.0000,0.0000,0.0010000,11,,,
262,0.1975,0.0000,1.2195,0.0000,0.0000,0.0000,0.0010000,11,,,
263,0.1961,0.0000,1.2878,0.0000,0.0000,0.0000,0.0010000,11,,,
264,0.1978,0.0000,1.2336,0.0000,0.0000,0.0000,0.0010000,11,,,
265,0.1990,0.0000,1.2376,0.0000,0.0000,0.0000,0.0010000,11,,,
266,0.1988,0.0000,1.2556,0.0000,0.0000,0.0000,0.0010000,11,,,
267,0.1993,0.0000,1.1786,0.0000,0.0000,0.0000,0.0010000,11,,,
268,0.2016,0.0000,1.1271,0.0000,0.0000,0.0000,0.0010000,11,,,
269,0.2008,0.0000,1.2316,0.0000,0.0000,0.0000,0.0010000,11,,,
270,0.2006,0.0000,1.2300,0.0000,0.0000,0.0000,0.0010000,11,0.0000,0.0000,0.0000
271,0.2029,0.0000,1.1481,0.0000,0.0000,0.0000,0.0010000,11,,,
272,0.2026,0.0000,1.3077,0.0000,0.0000,0.0000,0.0010000,12,,,
273,0.2043,0.0000,1.1895,0.0000,0.0000,0.0000,0.0010000,12,,,
274,0.2060,0.0000,1.2060,0.0000,0.0000,0.0000,0.0010000,12,,,
275,0.2057,0.0000,1.3158,0.0000,0.0000,0.0000,0.0010000,12,,,
276,0.2048,0.0000,1.3380,0.0000,0.0000,0.0000,0.0010000,12,,,
277,0.2053,0.0000,1.2339,0.0000,0.0000,0.0000,0.0010000,12,,,
278,0.2075,0.0000,1.0977,0.0000,0.0000,0.0000,0.0010000,12,,,
279,0.2080,0.0000,1.2362,0.0000,0.0000,0.0000,0.0010000,12,,,
280,0.2090,0.0000,1.1657,0.0000,0.0000,0.0000,0.0010000,12,0.0000,0.0000,0.0000
281,0.2100,0.0000,1.1374,0.0000,0.0000,0.0000,0.0010000,12,,,
282,0.2129,0.0000,1.0345,0.0000,0.0000,0.0000,0.0010000,12,,,
283,0.2126,0.0000,1.1939,0.0000,0.0000,0.0000,0.0010000,12,,,
284,0.2122,0.0000,1.3042,0.0000,0.0000,0.0000,0.0010000,12,,,
285,0.2119,0.0000,1.2646,0.0000,0.0000,0.0000,0.0010000,12,,,
286,0.2135,0.0000,1.0873,0.0000,0.0000,0.0000,0.0010000,12,,,
287,0.2139,0.0000,1.1673,0.0000,0.0000,0.0000,0.0010000,12,,,
288,0.2148,0.0000,1.2272,0.0000,0.0000,0.0000,0.0010000,12,,,
289,0.2183,0.0000,0.9421,0.0000,0.0000,0.0000,0.0010000,12,,,
290,0.2198,0.0000,1.1965,0.0000,0.0000,0.0000,0.0010000,12,0.0000,0.0000,0.0000
291,0.2201,0.0000,1.2118,0.0000,0.0000,0.0000,0.0010000,12,,,
292,0.2185,0.0000,1.2719,0.0000,0.0000,0.0000,0.0010000,12,,,
293,0.2181,0.0000,1.1938,0.0000,0.0000,0.0000,0.0010000,12,,,
294,0.2190,0.0000,1.1591,0.0000,0.0000,0.0000,0.0010000,12,,,
295,0.2211,0.0000,1.1110,0.0000,0.0000,0.0000,0.0010000,12,,,
296,0.2220,0.0000,1.1174,0.0000,0.0000,0.0000,0.0010000,12,,,
297,0.2241,0.0000,1.1112,0.0000,0.0000,0.0000,0.0010000,13,,,
298,0.2262,0.0000,1.1687,0.0000,0.0000,0.0000,0.0010000,13,,,
299,0.2270,0.0000,1.1258,0.0000,0.0000,0.0000,0.0010000,13,,,
300,0.2278,0.0000,1.1418,0.0000,0.0000,0.0000,0.0010000,13,0.0000,0.0000,0.0000
301,0.2293,0.0000,1.1165,0.0000,0.0000,0.0000,0.0010000,13,,,
302,0.2295,0.0000,1.2089,0.0000,0.0000,0.0000,0.0010000,13,,,
303,0.2315,0.0000,1.1678,0.0000,0.0000,0.0000,0.0010000,13,,,
304,0.2348,0.0000,1.0102,0.0000,0.0000,0.0000,0.0010000,13,,,
305,0.2342,0.0000,1.3436,0.0000,0.0000,0.0000,0.0010000,13,,,
306,0.2344,0.0000,1.1565,0.0000,0.0000,0.0000,0.0010000,13,,,
307,0.2338,0.0000,1.2683,0.0000,0.0000,0.0000,0.0010000,13,,,
308,0.2371,0.0000,1.0368,0.0000,0.0000,0.0000,0.0010000,13,,,
309,0.2390,0.0000,1.1017,0.0000,0.0000,0.0000,0.0010000,13,,,
310,0.2391,0.0000,1.2271,0.0000,0.0000,0.0000,0.0010000,13,0.0000,0.0000,0.0000
311,0.2429,0.0000,0.9919,0.0000,0.0000,0.0000,0.0010000,13,,,
312,0.2430,0.0000,1.2428,0.0000,0.0000,0.0000,0.0010000,13,,,
313,0.2424,0.0000,1.1943,0.0000,0.0000,0.0000,0.0010000,13,,,
314,0.2430,0.0000,1.0852,0.0000,0.0000,0.0000,0.0010000,13,,,
315,0.2449,0.0000,1.1129,0.0000,0.0000,0.0000,0.0010000,13,,,
316,0.2481,0.0000,1.0809,0.0000,0.0000,0.0000,0.0010000,13,,,
317,0.2481,0.0000,1.1335,0.0000,0.0000,0.0000,0.0010000,13,,,
318,0.2512,0.0000,1.1128,0.0000,0.0000,0.0000,0.0010000,13,,,
319,0.2530,0.0000,1.1099,0.0000,0.0000,0.0000,0.0010000,13,,,
320,0.2542,0.0000,1.1162,0.0000,0.0000,0.0000,0.0010000,13,0.0000,0.0000,0.0000
321,0.2559,0.0000,1.0174,0.0000,0.0000,0.0000,0.0010000,13,,,
322,0.2552,0.0000,1.2344,0.0000,0.0000,0.0000,0.0010000,14,,,
323,0.2569,0.0000,1.1131,0.0000,0.0000,0.0000,0.0010000,14,,,
324,0.2574,0.0000,1.1367,0.0000,0.0000,0.0000,0.0010000,14,,,
325,0.2567,0.0000,1.2718,0.0000,0.0000,0.0000,0.0010000,14,,,
326,0.2572,0.0000,1.1993,0.0000,0.0000,0.0000,0.0010000,14,,,
327,0.2589,0.0000,1.0214,0.0000,0.0000,0.0000,0.0010000,14,,,
328,0.2594,0.0000,1.1180,0.0000,0.0000,0.0000,0.0010000,14,,,
329,0.2599,0.0000,1.1569,0.0000,0.0000,0.0000,0.0010000,14,,,
330,0.2629,0.0000,1.0293,0.0000,0.0000,0.0000,0.0010000,14,0.0000,0.0000,0.0000
331,0.2634,0.0000,1.1392,0.0000,0.0000,0.0000,0.0010000,14,,,
332,0.2645,0.0000,1.0668,0.0000,0.0000,0.0000,0.0010000,14,,,
333,0.2661,0.0000,1.0323,0.0000,0.0000,0.0000,0.0010000,14,,,
334,0.2672,0.0000,1.1040,0.0000,0.0000,0.0000,0.0010000,14,,,
335,0.2682,0.0000,1.1238,0.0000,0.0000,0.0000,0.0010000,14,,,
336,0.2717,0.0000,1.0392,0.0000,0.0000,0.0000,0.0010000,14,,,
337,0.2746,0.0000,0.9960,0.0000,0.0000,0.0000,0.0010000,14,,,
338,0.2762,0.0000,1.1255,0.0000,0.0000,0.0000,0.0010000,14,,,
339,0.2790,0.0000,1.1129,0.0000,0.0000,0.0000,0.0010000,14,,,
340,0.2830,0.0000,0.9647,0.0000,0.0000,0.0000,0.0010000,14,0.0000,0.0000,0.0000
341,0.2852,0.0000,1.0430,0.0000,0.0000,0.0000,0.0010000,14,,,
342,0.2848,0.0000,1.2495,0.0000,0.0000,0.0000,0.0010000,14,,,
343,0.2857,0.0000,1.0891,0.0000,0.0000,0.0000,0.0010000,14,,,
344,0.2871,0.0000,1.1874,0.0000,0.0000,0.0000,0.0010000,14,,,
345,0.2905,0.0000,0.9893,0.0000,0.0000,0.0000,0.0010000,14,,,
346,0.2912,0.0000,1.1005,0.0000,0.0000,0.0000,0.0010000,14,,,
347,0.2926,0.0000,1.1060,0.0000,0.0000,0.0000,0.0010000,15,,,
348,0.2953,0.0000,0.9350,0.0000,0.0000,0.0000,0.0010000,15,,,
349,0.2986,0.0000,0.9193,0.0000,0.0000,0.0000,0.0010000,15,,,
350,0.2999,0.0000,1.0810,0.0000,0.0000,0.0000,0.0010000,15,0.0000,0.0000,0.0000
351,0.3019,0.0000,1.1316,0.0000,0.0000,0.0000,0.0010000,15,,,
352,0.3045,0.0000,1.1626,0.0000,0.0000,0.0000,0.0010000,15,,,
353,0.3089,0.0000,0.9585,0.0000,0.0000,0.0000,0.0010000,15,,,
354,0.3120,0.0000,1.0481,0.0000,0.0000,0.0000,0.0010000,15,,,
355,0.3132,0.0000,1.2305,0.0000,0.0000,0.0000,0.0010000,15,,,
356,0.3169,0.0000,0.9458,0.0000,0.0000,0.0000,0.0010000,15,,,
357,0.3199,0.0000,1.0014,0.0000,0.0000,0.0000,0.0010000,15,,,
358,0.3235,0.0000,0.9519,0.0000,0.0000,0.0000,0.0010000,15,,,
359,0.3253,0.0000,1.1612,0.0000,0.0000,0.0000,0.0010000,15,,,
360,0.3257,0.0000,1.0989,0.0000,0.0000,0.0000,0.0010000,15,0.0000,0.0000,0.0000
361,0.3268,0.0000,1.0302,0.0000,0.0000,0.0000,0.0010000,15,,,
362,0.3303,0.0000,0.9449,0.0000,0.0000,0.0000,0.0010000,15,,,
363,0.3345,0.0000,1.0069,0.0000,0.0000,0.0000,0.0010000,15,,,
364,0.3361,0.0000,1.1063,0.0000,0.0000,0.0000,0.0010000,15,,,
365,0.3396,0.0000,1.0991,0.0000,0.0000,0.0000,0.0010000,15,,,
366,0.3412,0.0000,1.1123,0.0000,0.0000,0.0000,0.0010000,15,,,
367,0.3434,0.0000,1.0097,0.0000,0.0000,0.0000,0.0010000,15,,,
368,0.3455,0.0000,1.1154,0.0000,0.0000,0.0000,0.0010000,15,,,
369,0.3477,0.0000,0.9599,0.0000,0.0000,0.0000,0.0010000,15,,,
370,0.3498,0.0000,1.0354,0.0000,0.0000,0.0000,0.0010000,15,0.0000,0.0000,0.0000
371,0.3525,0.0000,1.1276,0.0000,0.0000,0.0000,0.0010000,15,,,
372,0.3546,0.0000,1.0640,0.0000,0.0000,0.0000,0.0010000,16,,,
373,0.3553,0.0000,1.1164,0.0000,0.0000,0.0000,0.0010000,16,,,
374,0.3586,0.0000,0.9685,0.0000,0.0000,0.0000,0.0010000,16,,,
375,0.3612,0.0000,0.9635,0.0000,0.0000,0.0000,0.0010000,16,,,
376,0.3613,0.0000,1.2125,0.0000,0.0000,0.0000,0.0010000,16,,,
377,0.3620,0.0000,1.0594,0.0000,0.0000,0.0000,0.0010000,16,,,
378,0.3659,0.0000,0.9450,0.0000,0.0000,0.0000,0.0010000,16,,,
379,0.3672,0.0000,1.0120,0.0000,0.0000,0.0000,0.0010000,16,,,
380,0.3697,0.0000,0.9458,0.0000,0.0000,0.0000,0.0010000,16,0.0000,0.0000,0.0000
381,0.3722,0.0000,0.9580,0.0000,0.0000,0.0000,0.0010000,16,,,
382,0.3760,0.0000,0.9388,0.0000,0.0000,0.0000,0.0010000,16,,,
383,0.3765,0.0000,1.1024,0.0000,0.0000,0.0000,0.0010000,16,,,
384,0.3796,0.0000,1.0118,0.0000,0.0000,0.0000,0.0010000,16,,,
385,0.3814,0.0000,1.0229,0.0000,0.0000,0.0000,0.0010000,16,,,
386,0.3826,0.0000,1.0347,0.0000,0.0000,0.0000,0.0010000,16,,,
387,0.3849,0.0000,0.9660,0.0000,0.0000,0.0000,0.0010000,16,,,
388,0.3886,0.0000,0.8679,0.0000,0.0000,0.0000,0.0010000,16,,,
389,0.3909,0.0000,0.9366,0.0000,0.0000,0.0000,0.0010000,16,,,
390,0.3913,0.0000,1.0543,0.0000,0.0000,0.0000,0.0010000,16,0.0000,0.0000,0.0000
391,0.3955,0.0000,0.8648,0.0000,0.0000,0.0000,0.0010000,16,,,
392,0.3971,0.0000,1.0322,0.0000,0.0000,0.0000,0.0010000,16,,,
393,0.3994,0.0000,1.0435,0.0000,0.0000,0.0000,0.0010000,16,,,
394,0.4016,0.0000,0.9706,0.0000,0.0000,0.0000,0.0010000,16,,,
395,0.4043,0.0000,1.0428,0.0000,0.0000,0.0000,0.0010000,16,,,
396,0.4053,0.0000,1.0375,0.0000,0.0000,0.0000,0.0010000,16,,,
397,0.4069,0.0000,1.0645,0.0000,0.0000,0.0000,0.0010000,17,,,
398,0.4109,0.0000,0.8298,0.0000,0.0000,0.0000,0.0010000,17,,,
399,0.4124,0.0000,1.0938,0.0000,0.0000,0.0000,0.0010000,17,,,
400,0.4145,0.0000,1.0588,0.0000,0.0000,0.0000,0.0010000,17,0.0000,0.0000,0.0000
401,0.4171,0.0000,0.9505,0.0000,0.0000,0.0000,0.0010000,17,,,
402,0.4179,0.0000,1.0086,0.0000,0.0000,0.0000,0.0010000,17,,,
403,0.4213,0.0000,1.0228,0.0000,0.0000,0.0000,0.0010000,17,,,
404,0.4220,0.0000,1.1036,0.0000,0.0000,0.0000,0.0010000,17,,,
405,0.4234,0.0000,1.0082,0.0000,0.0000,0.0000,0.0010000,17,,,
406,0.4248,0.0000,1.0719,0.0000,0.0000,0.0000,0.0010000,17,,,
407,0.4286,0.0000,0.8112,0.0000,0.0000,0.0000,0.0010000,17,,,
408,0.4300,0.0000,1.0812,0.0000,0.0000,0.0000,0.0010000,17,,,
409,0.4332,0.0000,0.9687,0.0000,0.0000,0.0000,0.0010000,17,,,
410,0.4356,0.0000,1.0055,0.0000,0.0000,0.0000,0.0010000,17,0.0000,0.0000,0.0000
411,0.4363,0.0000,1.0700,0.0000,0.0000,0.0000,0.0010000,17,,,
412,0.4362,0.0000,0.9948,0.0000,0.0000,0.0000,0.0010000,17,,,
413,0.4380,0.0000,1.0106,0.0000,0.0000,0.0000,0.0010000,17,,,
414,0.4387,0.0000,1.0358,0.0000,0.0000,0.0000,0.0010000,17,,,
415,0.4393,0.0000,1.0606,0.0000,0.0000,0.0000,0.0010000,17,,,
416,0.4411,0.0000,1.0914,0.0000,0.0000,0.0000,0.0010000,17,,,
417,0.4429,0.0000,0.9699,0.0000,0.0000,0.0000,0.0010000,17,,,
418,0.4440,0.0000,1.1014,0.0000,0.0000,0.0000,0.0010000,17,,,
419,0.4452,0.0000,1.1015,0.0000,0.0000,0.0000,0.0010000,17,,,
420,0.4464,0.0000,1.0044,0.0000,0.0000,0.0000,0.0010000,18,0.0000,0.0000,0.0000
421,0.4481,0.0000,0.9351,0.0000,0.0000,0.0000,0.0010000,18,,,
422,0.4523,0.0000,0.8709,0.0000,0.0000,0.0000,0.0010000,18,,,
423,0.4553,0.0000,0.9015,0.0000,0.0000,0.0000,0.0010000,18,,,
424,0.4569,0.0000,0.9638,0.0000,0.0000,0.0000,0.0010000,18,,,
425,0.4592,0.0000,0.9873,0.0000,0.0000,0.0000,0.0010000,18,,,
426,0.4589,0.0000,1.0391,0.0000,0.0000,0.0000,0.0010000,18,,,
427,0.4593,0.0000,1.0793,0.0000,0.0000,0.0000,0.0010000,18,,,
428,0.4609,0.0000,0.9837,0.0000,0.0000,0.0000,0.0010000,18,,,
429,0.4650,0.0000,0.9144,0.0000,0.0000,0.0000,0.0010000,18,,,
430,0.4665,0.0000,1.1307,0.0000,0.0000,0.0000,0.0010000,18,0.0000,0.0000,0.0000
431,0.4675,0.0000,1.0756,0.0000,0.0000,0.0000,0.0010000,18,,,
432,0.4703,0.0000,1.0790,0.0000,0.0000,0.0000,0.0010000,18,,,
433,0.4731,0.0000,0.9441,0.0000,0.0000,0.0000,0.0010000,18,,,
434,0.4765,0.0000,0.9280,0.0000,0.0000,0.0000,0.0010000,18,,,
435,0.4785,0.0000,0.9579,0.0000,0.0000,0.0000,0.0010000,18,,,
436,0.4793,0.0000,0.9884,0.0000,0.0000,0.0000,0.0010000,18,,,
437,0.4801,0.0000,1.0836,0.0000,0.0000,0.0000,0.0010000,18,,,
438,0.4834,0.0000,0.9285,0.0000,0.0000,0.0000,0.0010000,18,,,
439,0.4848,0.0000,0.9490,0.0000,0.0000,0.0000,0.0010000,18,,,
440,0.4880,0.0000,0.9071,0.0000,0.0000,0.0000,0.0010000,18,0.0000,0.0000,0.0000
441,0.4906,0.0000,0.7975,0.0000,0.0000,0.0000,0.0010000,18,,,
442,0.4919,0.0000,0.9912,0.0000,0.0000,0.0000,0.0010000,19,,,
443,0.4938,0.0000,1.0474,0.0000,0.0000,0.0000,0.0010000,19,,,
444,0.4970,0.0000,0.9066,0.0000,0.0000,0.0000,0.0010000,19,,,
445,0.4970,0.0000,0.9946,0.0000,0.0000,0.0000,0.0010000,19,,,
446,0.4945,0.0000,1.2269,0.0000,0.0000,0.0000,0.0010000,19,,,
447,0.4939,0.0000,1.0270,0.0000,0.0000,0.0000,0.0010000,19,,,
448,0.4958,0.0000,0.9322,0.0000,0.0000,0.0000,0.0010000,19,,,
449,0.4976,0.0000,0.9262,0.0000,0.0000,0.0000,0.0010000,19,,,
450,0.5007,0.0000,0.9091,0.0000,0.0000,0.0000,0.0010000,19,0.0000,0.0000,0.0000
451,0.5038,0.0000,0.9492,0.0000,0.0000,0.0000,0.0010000,19,,,
452,0.5050,0.0000,1.0272,0.0000,0.0000,0.0000,0.0010000,19,,,
453,0.5067,0.0000,0.9893,0.0000,0.0000,0.0000,0.0010000,19,,,
454,0.5085,0.0000,0.9510,0.0000,0.0000,0.0000,0.0010000,19,,,
455,0.5090,0.0000,1.0605,0.0000,0.0000,0.0000,0.0010000,19,,,
456,0.5107,0.0000,0.8406,0.0000,0.0000,0.0000,0.0010000,19,,,
457,0.5131,0.0000,0.9780,0.0000,0.0000,0.0000,0.0010000,19,,,
458,0.5161,0.0000,0.7950,0.0000,0.0000,0.0000,0.0010000,19,,,
459,0.5165,0.0000,0.9385,0.0000,0.0000,0.0000,0.0010000,19,,,
460,0.5194,0.0000,0.8677,0.0000,0.0000,0.0000,0.0010000,19,0.0000,0.0000,0.0000
461,0.5229,0.0000,0.8189,0.0000,0.0000,0.0000,0.0010000,19,,,
462,0.5233,0.0000,0.9743,0.0000,0.0000,0.0000,0.0010000,20,,,
463,0.5249,0.0000,1.0278,0.0000,0.0000,0.0000,0.0010000,20,,,
464,0.5271,0.0000,0.8016,0.0000,0.0000,0.0000,0.0010000,20,,,
465,0.5294,0.0000,0.8554,0.0000,0.0000,0.0000,0.0010000,20,,,
466,0.5322,0.0000,0.8926,0.0000,0.0000,0.0000,0.0010000,20,,,
467,0.5343,0.0000,0.7938,0.0000,0.0000,0.0000,0.0010000,20,,,
468,0.5340,0.0000,1.0174,0.0000,0.0000,0.0000,0.0010000,20,,,
469,0.5368,0.0000,0.8242,0.0000,0.0000,0.0000,0.0010000,20,,,
470,0.5389,0.0000,0.9580,0.0000,0.0000,0.0000,0.0010000,20,0.0000,0.0000,0.0000
471,0.5378,0.0000,1.1131,0.0000,0.0000,0.0000,0.0010000,20,,,
472,0.5380,0.0000,0.9622,0.0000,0.0000,0.0000,0.0010000,20,,,
473,0.5394,0.0000,0.9899,0.0000,0.0000,0.0000,0.0010000,20,,,
474,0.5427,0.0000,0.8455,0.0000,0.0000,0.0000,0.0010000,20,,,
475,0.5435,0.0000,0.9850,0.0000,0.0000,0.0000,0.0010000,20,,,
476,0.5443,0.0000,0.9360,0.0000,0.0000,0.0000,0.0010000,20,,,
477,0.5456,0.0000,0.8727,0.0000,0.0000,0.0000,0.0010000,20,,,
478,0.5470,0.0000,0.9950,0.0000,0.0000,0.0000,0.0010000,20,,,
479,0.5483,0.0000,0.9563,0.0000,0.0000,0.0000,0.0010000,20,,,
480,0.5496,0.0000,0.8482,0.0000,0.0000,0.0000,0.0010000,20,0.0000,0.0000,0.0000
481,0.5503,0.0000,0.9693,0.0000,0.0000,0.0000,0.0010000,20,,,
482,0.5529,0.0000,0.9519,0.0000,0.0000,0.0000,0.0010000,20,,,
483,0.5561,0.0000,0.7015,0.0000,0.0000,0.0000,0.0010000,20,,,
484,0.5573,0.0000,0.8819,0.0000,0.0000,0.0000,0.0010000,20,,,
485,0.5599,0.0000,0.8411,0.0000,0.0000,0.0000,0.0010000,21,,,
486,0.5624,0.0000,1.0030,0.0000,0.0000,0.0000,0.0010000,21,,,
487,0.5660,0.0000,0.9434,0.0000,0.0000,0.0000,0.0010000,21,,,
488,0.5679,0.0000,0.9079,0.0000,0.0000,0.0000,0.0010000,21,,,
489,0.5678,0.0000,1.0073,0.0000,0.0000,0.0000,0.0010000,21,,,
490,0.5664,0.0000,1.0245,0.0000,0.0000,0.0000,0.0010000,21,0.0000,0.0000,0.0000
491,0.5676,0.0000,0.9174,0.0000,0.0000,0.0000,0.0010000,21,,,
492,0.5700,0.0000,0.8170,0.0000,0.0000,0.0000,0.0010000,21,,,
493,0.5724,0.0000,0.8681,0.0000,0.0000,0.0000,0.0010000,21,,,
494,0.5754,0.0000,0.8417,0.0000,0.0000,0.0000,0.0010000,21,,,
495,0.5758,0.0000,0.9263,0.0000,0.0000,0.0000,0.0010000,21,,,
496,0.5763,0.0000,0.8657,0.0000,0.0000,0.0000,0.0010000,21,,,
497,0.5767,0.0000,0.9317,0.0000,0.0000,0.0000,0.0010000,21,,,
498,0.5765,0.0000,0.8796,0.0000,0.0000,0.0000,0.0010000,21,,,
499,0.5783,0.0000,0.8793,0.0000,0.0000,0.0000,0.0010000,21,,,
500,0.5793,0.0000,0.8847,0.0000,0.0000,0.0000,0.0010000,21,0.0000,0.0000,0.0000
501,0.5816,0.0000,0.8574,0.0000,0.0000,0.0000,0.0010000,21,,,
502,0.5839,0.0000,0.8685,0.0000,0.0000,0.0000,0.0010000,21,,,
503,0.5873,0.0000,0.6285,0.0000,0.0000,0.0000,0.0010000,21,,,
504,0.5871,0.0000,1.1387,0.0000,0.0000,0.0000,0.0010000,21,,,
505,0.5899,0.0000,0.8708,0.0000,0.0000,0.0000,0.0010000,21,,,
506,0.5940,0.0000,0.8060,0.0000,0.0000,0.0000,0.0010000,21,,,
507,0.5936,0.0000,0.9378,0.0000,0.0000,0.0000,0.0010000,22,,,
508,0.5939,0.0000,0.8188,0.0000,0.0000,0.0000,0.0010000,22,,,
509,0.5955,0.0000,0.8494,0.0000,0.0000,0.0000,0.0010000,22,,,
510,0.5982,0.0000,0.8462,0.0000,0.0000,0.0000,0.0010000,22,0.0000,0.0000,0.0000
511,0.5997,0.0000,0.7376,0.0000,0.0000,0.0000,0.0010000,22,,,
512,0.6012,0.0000,0.9397,0.0000,0.0000,0.0000,0.0010000,22,,,
513,0.6014,0.0000,1.0491,0.0000,0.0000,0.0000,0.0010000,22,,,
514,0.6029,0.0000,0.9492,0.0000,0.0000,0.0000,0.0010000,22,,,
515,0.6056,0.0000,0.8199,0.0000,0.0000,0.0000,0.0010000,22,,,
516,0.6070,0.0000,0.8223,0.0000,0.0000,0.0000,0.0010000,22,,,
517,0.6103,0.0000,0.7364,0.0000,0.0000,0.0000,0.0010000,22,,,
518,0.6097,0.0000,0.8606,0.0000,0.0000,0.0000,0.0010000,22,,,
519,0.6130,0.0000,0.7505,0.0000,0.0000,0.0000,0.0010000,22,,,
520,0.6136,0.0000,0.9428,0.0000,0.0000,0.0000,0.0010000,22,0.0000,0.0000,0.0000
521,0.6162,0.0000,0.8075,0.0000,0.0000,0.0000,0.0010000,22,,,
522,0.6193,0.0000,0.8529,0.0000,0.0000,0.0000,0.0010000,22,,,
523,0.6212,0.0000,0.7881,0.0000,0.0000,0.0000,0.0010000,22,,,
524,0.6237,0.0000,0.9689,0.0000,0.0000,0.0000,0.0010000,22,,,
525,0.6275,0.0000,0.7587,0.0000,0.0000,0.0000,0.0010000,22,,,
526,0.6299,0.0000,0.8836,0.0000,0.0000,0.0000,0.0010000,22,,,
527,0.6298,0.0000,0.9042,0.0000,0.0000,0.0000,0.0010000,22,,,
528,0.6322,0.0000,0.9018,0.0000,0.0000,0.0000,0.0010000,22,,,
529,0.6321,0.0000,0.9563,0.0000,0.0000,0.0000,0.0010000,23,,,
530,0.6339,0.0000,0.8099,0.0000,0.0000,0.0000,0.0010000,23,0.0000,0.0000,0.0000
531,0.6356,0.0000,0.7494,0.0000,0.0000,0.0000,0.0010000,23,,,
532,0.6368,0.0000,0.8689,0.0000,0.0000,0.0000,0.0010000,23,,,
533,0.6397,0.0000,0.8970,0.0000,0.0000,0.0000,0.0010000,23,,,
534,0.6414,0.0000,0.8454,0.0000,0.0000,0.0000,0.0010000,23,,,
535,0.6431,0.0000,0.8252,0.0000,0.0000,0.0000,0.0010000,23,,,
536,0.6448,0.0000,0.8955,0.0000,0.0000,0.0000,0.0010000,23,,,
537,0.6439,0.0000,1.0303,0.0000,0.0000,0.0000,0.0010000,23,,,
538,0.6475,0.0000,0.8093,0.0000,0.0000,0.0000,0.0010000,23,,,
539,0.6491,0.0000,0.8108,0.0000,0.0000,0.0000,0.0010000,23,,,
540,0.6507,0.0000,0.8522,0.0000,0.0000,0.0000,0.0010000,23,0.0000,0.0000,0.0000
541,0.6535,0.0000,0.7139,0.0000,0.0000,0.0000,0.0010000,23,,,
542,0.6551,0.0000,0.8813,0.0000,0.0000,0.0000,0.0010000,23,,,
543,0.6553,0.0000,0.8982,0.0000,0.0000,0.0000,0.0010000,23,,,
544,0.6569,0.0000,0.9079,0.0000,0.0000,0.0000,0.0010000,23,,,
545,0.6596,0.0000,0.8031,0.0000,0.0000,0.0000,0.0010000,23,,,
546,0.6605,0.0000,0.8058,0.0000,0.0000,0.0000,0.0010000,23,,,
547,0.6620,0.0000,0.8926,0.0000,0.0000,0.0000,0.0010000,23,,,
548,0.6654,0.0000,0.7193,0.0000,0.0000,0.0000,0.0010000,23,,,
549,0.6668,0.0000,0.7831,0.0000,0.0000,0.0000,0.0010000,23,,,
550,0.6677,0.0000,0.8028,0.0000,0.0000,0.0000,0.0010000,23,0.0000,0.0000,0.0000
551,0.6697,0.0000,0.7925,0.0000,0.0000,0.0000,0.0010000,23,,,
552,0.6711,0.0000,0.8569,0.0000,0.0000,0.0000,0.0010000,23,,,
553,0.6731,0.0000,0.7571,0.0000,0.0000,0.0000,0.0010000,23,,,
554,0.6744,0.0000,0.8455,0.0000,0.0000,0.0000,0.0010000,24,,,
555,0.6739,0.0000,0.9379,0.0000,0.0000,0.0000,0.0010000,24,,,
556,0.6740,0.0000,0.9256,0.0000,0.0000,0.0000,0.0010000,24,,,
557,0.6740,0.0000,0.9948,0.0000,0.0000,0.0000,0.0010000,24,,,
558,0.6760,0.0000,0.8109,0.0000,0.0000,0.0000,0.0010000,24,,,
559,0.6779,0.0000,0.7052,0.0000,0.0000,0.0000,0.0010000,24,,,
560,0.6798,0.0000,0.8422,0.0000,0.0000,0.0000,0.0010000,24,0.0000,0.0000,0.0000
561,0.6817,0.0000,0.8619,0.0000,0.0000,0.0000,0.0010000,24,,,
562,0.6842,0.0000,0.7265,0.0000,0.0000,0.0000,0.0010000,24,,,
563,0.6861,0.0000,0.7160,0.0000,0.0000,0.0000,0.0010000,24,,,
564,0.6860,0.0000,0.9641,0.0000,0.0000,0.0000,0.0010000,24,,,
565,0.6873,0.0000,0.8319,0.0000,0.0000,0.0000,0.0010000,24,,,
566,0.6885,0.0000,0.8342,0.0000,0.0000,0.0000,0.0010000,24,,,
567,0.6903,0.0000,0.7744,0.0000,0.0000,0.0000,0.0010000,24,,,
568,0.6909,0.0000,0.8891,0.0000,0.0000,0.0000,0.0010000,24,,,
569,0.6933,0.0000,0.8135,0.0000,0.0000,0.0000,0.0010000,24,,,
570,0.6951,0.0000,0.8212,0.0000,0.0000,0.0000,0.0010000,24,0.0000,0.0000,0.0000
571,0.6962,0.0000,0.7988,0.0000,0.0000,0.0000,0.0010000,24,,,
572,0.6992,0.0000,0.6623,0.0000,0.0000,0.0000,0.0010000,24,,,
573,0.6997,0.0000,0.7429,0.0000,0.0000,0.0000,0.0010000,24,,,
574,0.7015,0.0000,0.7015,0.0000,0.0000,0.0000,0.0010000,24,,,
575,0.7037,0.0000,0.7460,0.0000,0.0000,0.0000,0.0010000,24,,,
576,0.7042,0.0000,0.8594,0.0000,0.0000,0.0000,0.0010000,24,,,
577,0.7059,0.0000,0.7079,0.0000,0.0000,0.0000,0.0010000,24,,,
578,0.7075,0.0000,0.7414,0.0000,0.0000,0.0000,0.0010000,25,,,
579,0.7085,0.0000,0.7658,0.0000,0.0000,0.0000,0.0010000,25,,,
580,0.7107,0.0000,0.5664,0.0000,0.0000,0.0000,0.0010000,25,0.0000,0.0000,0.0000
581,0.7123,0.0000,0.7757,0.0000,0.0000,0.0000,0.0010000,25,,,
582,0.7127,0.0000,0.8845,0.0000,0.0000,0.0000,0.0010000,25,,,
583,0.7149,0.0000,0.7967,0.0000,0.0000,0.0000,0.0010000,25,,,
584,0.7170,0.0000,0.8160,0.0000,0.0000,0.0000,0.0010000,25,,,
585,0.7180,0.0000,0.8939,0.0000,0.0000,0.0000,0.0010000,25,,,
586,0.7189,0.0000,0.7005,0.0000,0.0000,0.0000,0.0010000,25,,,
587,0.7204,0.0000,0.6691,0.0000,0.0000,0.0000,0.0010000,25,,,
588,0.7213,0.0000,0.7638,0.0000,0.0000,0.0000,0.0010000,25,,,
589,0.7222,0.0000,0.6882,0.0000,0.0000,0.0000,0.0010000,25,,,
590,0.7212,0.0000,0.9278,0.0000,0.0000,0.0000,0.0010000,25,0.0000,0.0000,0.0000
591,0.7214,0.0000,0.7767,0.0000,0.0000,0.0000,0.0010000,25,,,
592,0.7235,0.0000,0.7997,0.0000,0.0000,0.0000,0.0010000,25,,,
593,0.7263,0.0000,0.6957,0.0000,0.0000,0.0000,0.0010000,25,,,
594,0.7252,0.0000,0.9468,0.0000,0.0000,0.0000,0.0010000,25,,,
595,0.7273,0.0000,0.7860,0.0000,0.0000,0.0000,0.0010000,25,,,
596,0.7287,0.0000,0.8643,0.0000,0.0000,0.0000,0.0010000,25,,,
597,0.7289,0.0000,0.8956,0.0000,0.0000,0.0000,0.0010000,25,,,
598,0.7309,0.0000,0.7784,0.0000,0.0000,0.0000,0.0010000,25,,,
599,0.7323,0.0000,0.7467,0.0000,0.0000,0.0000,0.0010000,25,,,
600,0.7343,0.0000,0.8527,0.0000,0.0000,0.0000,0.0010000,25,0.0000,0.0000,0.0000
601,0.7351,0.0000,0.8188,0.0000,0.0000,0.0000,0.0010000,25,,,
602,0.7358,0.0000,0.8253,0.0000,0.0000,0.0000,0.0010000,25,,,
603,0.7377,0.0000,0.6799,0.0000,0.0000,0.0000,0.0010000,26,,,
604,0.7397,0.0000,0.8277,0.0000,0.0000,0.0000,0.0010000,26,,,
605,0.7410,0.0000,0.7058,0.0000,0.0000,0.0000,0.0010000,26,,,
606,0.7417,0.0000,0.7782,0.0000,0.0000,0.0000,0.0010000,26,,,
607,0.7423,0.0000,0.8560,0.0000,0.0000,0.0000,0.0010000,26,,,
608,0.7436,0.0000,0.7685,0.0000,0.0000,0.0000,0.0010000,26,,,
609,0.7443,0.0000,0.6990,0.0000,0.0000,0.0000,0.0010000,26,,,
610,0.7455,0.0000,0.7438,0.0000,0.0000,0.0000,0.0010000,26,0.0000,0.0000,0.0000
611,0.7462,0.0000,0.7264,0.0000,0.0000,0.0000,0.0010000,26,,,
612,0.7468,0.0000,0.7621,0.0000,0.0000,0.0000,0.0010000,26,,,
613,0.7487,0.0000,0.6987,0.0000,0.0000,0.0000,0.0010000,26,,,
614,0.7474,0.0000,0.7902,0.0000,0.0000,0.0000,0.0010000,26,,,
615,0.7486,0.0000,0.8100,0.0000,0.0000,0.0000,0.0010000,26,,,
616,0.7492,0.0000,0.8214,0.0000,0.0000,0.0000,0.0010000,26,,,
617,0.7485,0.0000,0.8302,0.0000,0.0000,0.0000,0.0010000,26,,,
618,0.7491,0.0000,0.8306,0.0000,0.0000,0.0000,0.0010000,26,,,
619,0.7516,0.0000,0.7419,0.0000,0.0000,0.0000,0.0010000,26,,,
620,0.7528,0.0000,0.7130,0.0000,0.0000,0.0000,0.0010000,26,0.0000,0.0000,0.0000
621,0.7528,0.0000,0.7686,0.0000,0.0000,0.0000,0.0010000,26,,,
622,0.7553,0.0000,0.6063,0.0000,0.0000,0.0000,0.0010000,26,,,
623,0.7570,0.0000,0.7338,0.0000,0.0000,0.0000,0.0010000,26,,,
624,0.7581,0.0000,0.7427,0.0000,0.0000,0.0000,0.0010000,26,,,
625,0.7574,0.0000,0.7070,0.0000,0.0000,0.0000,0.0010000,26,,,
626,0.7591,0.0000,0.7976,0.0000,0.0000,0.0000,0.0010000,26,,,
627,0.7608,0.0000,0.6546,0.0000,0.0000,0.0000,0.0010000,27,,,
628,0.7632,0.0000,0.6750,0.0000,0.0000,0.0000,0.0010000,27,,,
629,0.7637,0.0000,0.8254,0.0000,0.0000,0.0000,0.0010000,27,,,
630,0.7653,0.0000,0.7990,0.0000,0.0000,0.0000,0.0010000,27,0.0000,0.0000,0.0000
631,0.7658,0.0000,0.7180,0.0000,0.0000,0.0000,0.0010000,27,,,
632,0.7668,0.0000,0.6129,0.0000,0.0000,0.0000,0.0010000,27,,,
633,0.7684,0.0000,0.5305,0.0000,0.0000,0.0000,0.0010000,27,,,
634,0.7689,0.0000,0.7004,0.0000,0.0000,0.0000,0.0010000,27,,,
635,0.7699,0.0000,0.7880,0.0000,0.0000,0.0000,0.0010000,27,,,
636,0.7722,0.0000,0.6927,0.0000,0.0000,0.0000,0.0010000,27,,,
637,0.7738,0.0000,0.6558,0.0000,0.0000,0.0000,0.0010000,27,,,
638,0.7741,0.0000,0.6973,0.0000,0.0000,0.0000,0.0010000,27,,,
639,0.7751,0.0000,0.7142,0.0000,0.0000,0.0000,0.0010000,27,,,
640,0.7760,0.0000,0.7336,0.0000,0.0000,0.0000,0.0010000,27,0.0000,0.0000,0.0000
641,0.7776,0.0000,0.7036,0.0000,0.0000,0.0000,0.0010000,27,,,
642,0.7791,0.0000,0.5884,0.0000,0.0000,0.0000,0.0010000,27,,,
643,0.7813,0.0000,0.6021,0.0000,0.0000,0.0000,0.0010000,27,,,
644,0.7822,0.0000,0.6344,0.0000,0.0000,0.0000,0.0010000,27,,,
645,0.7844,0.0000,0.6648,0.0000,0.0000,0.0000,0.0010000,27,,,
646,0.7852,0.0000,0.7825,0.0000,0.0000,0.0000,0.0010000,27,,,
647,0.7855,0.0000,0.7421,0.0000,0.0000,0.0000,0.0010000,27,,,
648,0.7857,0.0000,0.8322,0.0000,0.0000,0.0000,0.0010000,27,,,
649,0.7854,0.0000,0.7170,0.0000,0.0000,0.0000,0.0010000,27,,,
650,0.7875,0.0000,0.6360,0.0000,0.0000,0.0000,0.0010000,27,0.0000,0.0000,0.0000
651,0.7889,0.0000,0.6542,0.0000,0.0000,0.0000,0.0010000,28,,,
652,0.7910,0.0000,0.5267,0.0000,0.0000,0.0000,0.0010000,28,,,
653,0.7918,0.0000,0.7332,0.0000,0.0000,0.0000,0.0010000,28,,,
654,0.7914,0.0000,0.7655,0.0000,0.0000,0.0000,0.0010000,28,,,
655,0.7916,0.0000,0.7620,0.0000,0.0000,0.0000,0.0010000,28,,,
656,0.7937,0.0000,0.7851,0.0000,0.0000,0.0000,0.0010000,28,,,
657,0.7932,0.0000,0.7177,0.0000,0.0000,0.0000,0.0010000,28,,,
658,0.7921,0.0000,0.7624,0.0000,0.0000,0.0000,0.0010000,28,,,
659,0.7929,0.0000,0.7228,0.0000,0.0000,0.0000,0.0010000,28,,,
660,0.7937,0.0000,0.7456,0.0000,0.0000,0.0000,0.0010000,28,0.0000,0.0000,0.0000
661,0.7957,0.0000,0.6679,0.0000,0.0000,0.0000,0.0010000,28,,,
662,0.7965,0.0000,0.8270,0.0000,0.0000,0.0000,0.0010000,28,,,
663,0.7972,0.0000,0.7699,0.0000,0.0000,0.0000,0.0010000,28,,,
664,0.7973,0.0000,0.6620,0.0000,0.0000,0.0000,0.0010000,28,,,
665,0.7987,0.0000,0.8311,0.0000,0.0000,0.0000,0.0010000,28,,,
666,0.7994,0.0000,0.7683,0.0000,0.0000,0.0000,0.0010000,28,,,
667,0.7995,0.0000,0.6832,0.0000,0.0000,0.0000,0.0010000,28,,,
668,0.8015,0.0000,0.6149,0.0000,0.0000,0.0000,0.0010000,28,,,
669,0.8016,0.0000,0.7808,0.0000,0.0000,0.0000,0.0010000,28,,,
670,0.8035,0.0000,0.6149,0.0000,0.0000,0.0000,0.0010000,28,0.0000,0.0000,0.0000
671,0.8042,0.0000,0.7902,0.0000,0.0000,0.0000,0.0010000,28,,,
672,0.8055,0.0000,0.7033,0.0000,0.0000,0.0000,0.0010000,28,,,
673,0.8061,0.0000,0.7747,0.0000,0.0000,0.0000,0.0010000,28,,,
674,0.8062,0.0000,0.7444,0.0000,0.0000,0.0000,0.0010000,28,,,
675,0.8068,0.0000,0.6692,0.0000,0.0000,0.0000,0.0010000,28,,,
676,0.8074,0.0000,0.7135,0.0000,0.0000,0.0000,0.0010000,29,,,
677,0.8081,0.0000,0.7144,0.0000,0.0000,0.0000,0.0010000,29,,,
678,0.8100,0.0000,0.5662,0.0000,0.0000,0.0000,0.0010000,29,,,
679,0.8112,0.0000,0.7195,0.0000,0.0000,0.0000,0.0010000,29,,,
680,0.8118,0.0000,0.7446,0.0000,0.0000,0.0000,0.0010000,29,0.0000,0.0000,0.0000
681,0.8136,0.0000,0.6255,0.0000,0.0000,0.0000,0.0010000,29,,,
682,0.8155,0.0000,0.6993,0.0000,0.0000,0.0000,0.0010000,29,,,
683,0.8161,0.0000,0.7219,0.0000,0.0000,0.0000,0.0010000,29,,,
684,0.8179,0.0000,0.6393,0.0000,0.0000,0.0000,0.0010000,29,,,
685,0.8184,0.0000,0.7202,0.0000,0.0000,0.0000,0.0010000,29,,,
686,0.8177,0.0000,0.7849,0.0000,0.0000,0.0000,0.0010000,29,,,
687,0.8176,0.0000,0.7830,0.0000,0.0000,0.0000,0.0010000,29,,,
688,0.8182,0.0000,0.7178,0.0000,0.0000,0.0000,0.0010000,29,,,
689,0.8193,0.0000,0.6654,0.0000,0.0000,0.0000,0.0010000,29,,,
690,0.8186,0.0000,0.7857,0.0000,0.0000,0.0000,0.0010000,29,0.0000,0.0000,0.0000
691,0.8197,0.0000,0.6414,0.0000,0.0000,0.0000,0.0010000,29,,,
692,0.8202,0.0000,0.6478,0.0000,0.0000,0.0000,0.0010000,29,,,
693,0.8220,0.0000,0.6294,0.0000,0.0000,0.0000,0.0010000,29,,,
694,0.8200,0.0000,0.8415,0.0000,0.0000,0.0000,0.0010000,29,,,
695,0.8211,0.0000,0.7575,0.0000,0.0000,0.0000,0.0010000,29,,,
696,0.8229,0.0000,0.6262,0.0000,0.0000,0.0000,0.0010000,29,,,
697,0.8234,0.0000,0.7219,0.0000,0.0000,0.0000,0.0010000,29,,,
698,0.8244,0.0000,0.6665,0.0000,0.0000,0.0000,0.0010000,29,,,
699,0.8255,0.0000,0.6503,0.0000,0.0000,0.0000,0.0010000,29,,,
700,0.8265,0.0000,0.7883,0.0000,0.0000,0.0000,0.0010000,29,0.0000,0.0000,0.0000
701,0.8258,0.0000,0.7444,0.0000,0.0000,0.0000,0.0010000,30,,,
702,0.8262,0.0000,0.7037,0.0000,0.0000,0.0000,0.0010000,30,,,
703,0.8279,0.0000,0.6201,0.0000,0.0000,0.0000,0.0010000,30,,,
704,0.8290,0.0000,0.6999,0.0000,0.0000,0.0000,0.0010000,30,,,
705,0.8300,0.0000,0.7080,0.0000,0.0000,0.0000,0.0010000,30,,,
706,0.8317,0.0000,0.8183,0.0000,0.0000,0.0000,0.0010000,30,,,
707,0.8334,0.0000,0.6813,0.0000,0.0000,0.0000,0.0010000,30,,,
708,0.8350,0.0000,0.6997,0.0000,0.0000,0.0000,0.0010000,30,,,
709,0.8367,0.0000,0.6127,0.0000,0.0000,0.0000,0.0010000,30,,,
710,0.8376,0.0000,0.8190,0.0000,0.0000,0.0000,0.0010000,30,0.0000,0.0000,0.0000
711,0.8392,0.0000,0.7184,0.0000,0.0000,0.0000,0.0010000,30,,,
712,0.8408,0.0000,0.7359,0.0000,0.0000,0.0000,0.0010000,30,,,
713,0.8424,0.0000,0.5864,0.0000,0.0000,0.0000,0.0010000,30,,,
714,0.8427,0.0000,0.8002,0.0000,0.0000,0.0000,0.0010000,30,,,
715,0.8436,0.0000,0.7160,0.0000,0.0000,0.0000,0.0010000,30,,,
716,0.8451,0.0000,0.7005,0.0000,0.0000,0.0000,0.0010000,30,,,
717,0.8460,0.0000,0.7173,0.0000,0.0000,0.0000,0.0010000,30,,,
718,0.8475,0.0000,0.5574,0.0000,0.0000,0.0000,0.0010000,30,,,
719,0.8478,0.0000,0.6592,0.0000,0.0000,0.0000,0.0010000,30,,,
720,0.8493,0.0000,0.5682,0.0000,0.0000,0.0000,0.0010000,30,0.0000,0.0000,0.0000
721,0.8495,0.0000,0.7310,0.0000,0.0000,0.0000,0.0010000,30,,,
722,0.8510,0.0000,0.7914,0.0000,0.0000,0.0000,0.0010000,30,,,
723,0.8518,0.0000,0.6665,0.0000,0.0000,0.0000,0.0010000,30,,,
724,0.8533,0.0000,0.7042,0.0000,0.0000,0.0000,0.0010000,30,,,
725,0.8547,0.0000,0.6902,0.0000,0.0000,0.0000,0.0010000,30,,,
726,0.8562,0.0000,0.6926,0.0000,0.0000,0.0000,0.0010000,31,,,
727,0.8576,0.0000,0.5590,0.0000,0.0000,0.0000,0.0010000,31,,,
728,0.8590,0.0000,0.6915,0.0000,0.0000,0.0000,0.0010000,31,,,
729,0.8604,0.0000,0.6265,0.0000,0.0000,0.0000,0.0010000,31,,,
730,0.8611,0.0000,0.6035,0.0000,0.0000,0.0000,0.0010000,31,0.0000,0.0000,0.0000
731,0.8618,0.0000,0.6562,0.0000,0.0000,0.0000,0.0010000,31,,,
732,0.8625,0.0000,0.6660,0.0000,0.0000,0.0000,0.0010000,31,,,
733,0.8632,0.0000,0.6194,0.0000,0.0000,0.0000,0.0010000,31,,,
734,0.8639,0.0000,0.7139,0.0000,0.0000,0.0000,0.0010000,31,,,
735,0.8652,0.0000,0.5985,0.0000,0.0000,0.0000,0.0010000,31,,,
736,0.8666,0.0000,0.6368,0.0000,0.0000,0.0000,0.0010000,31,,,
737,0.8672,0.0000,0.6055,0.0000,0.0000,0.0000,0.0010000,31,,,
738,0.8678,0.0000,0.6286,0.0000,0.0000,0.0000,0.0010000,31,,,
739,0.8692,0.0000,0.6199,0.0000,0.0000,0.0000,0.0010000,31,,,
740,0.8705,0.0000,0.6868,0.0000,0.0000,0.0000,0.0010000,31,0.0000,0.0000,0.0000
741,0.8718,0.0000,0.5079,0.0000,0.0000,0.0000,0.0010000,31,,,
742,0.8717,0.0000,0.6334,0.0000,0.0000,0.0000,0.0010000,31,,,
743,0.8730,0.0000,0.6266,0.0000,0.0000,0.0000,0.0010000,31,,,
744,0.8736,0.0000,0.6443,0.0000,0.0000,0.0000,0.0010000,31,,,
745,0.8736,0.0000,0.7074,0.0000,0.0000,0.0000,0.0010000,31,,,
746,0.8741,0.0000,0.5426,0.0000,0.0000,0.0000,0.0010000,31,,,
747,0.8754,0.0000,0.5772,0.0000,0.0000,0.0000,0.0010000,31,,,
748,0.8766,0.0000,0.5571,0.0000,0.0000,0.0000,0.0010000,31,,,
749,0.8779,0.0000,0.5950,0.0000,0.0000,0.0000,0.0010000,31,,,
750,0.8778,0.0000,0.6827,0.0000,0.0000,0.0000,0.0010000,32,0.0000,0.0000,0.0000
751,0.8783,0.0000,0.6339,0.0000,0.0000,0.0000,0.0010000,32,,,
752,0.8795,0.0000,0.5523,0.0000,0.0000,0.0000,0.0010000,32,,,
753,0.8807,0.0000,0.7081,0.0000,0.0000,0.0000,0.0010000,32,,,
754,0.8819,0.0000,0.6399,0.0000,0.0000,0.0000,0.0010000,32,,,
755,0.8831,0.0000,0.6099,0.0000,0.0000,0.0000,0.0010000,32,,,
756,0.8843,0.0000,0.6928,0.0000,0.0000,0.0000,0.0010000,32,,,
757,0.8854,0.0000,0.7351,0.0000,0.0000,0.0000,0.0010000,32,,,
758,0.8866,0.0000,0.6575,0.0000,0.0000,0.0000,0.0010000,32,,,
759,0.8877,0.0000,0.6261,0.0000,0.0000,0.0000,0.0010000,32,,,
760,0.8888,0.0000,0.6781,0.0000,0.0000,0.0000,0.0010000,32,0.0000,0.0000,0.0000
761,0.8899,0.0000,0.7130,0.0000,0.0000,0.0000,0.0010000,32,,,
762,0.8910,0.0000,0.6780,0.0000,0.0000,0.0000,0.0010000,32,,,
763,0.8921,0.0000,0.6076,0.0000,0.0000,0.0000,0.0010000,32,,,
764,0.8932,0.0000,0.4990,0.0000,0.0000,0.0000,0.0010000,32,,,
765,0.8943,0.0000,0.5998,0.0000,0.0000,0.0000,0.0010000,32,,,
766,0.8953,0.0000,0.5699,0.0000,0.0000,0.0000,0.0010000,32,,,
767,0.8964,0.0000,0.7061,0.0000,0.0000,0.0000,0.0010000,32,,,
768,0.8974,0.0000,0.6157,0.0000,0.0000,0.0000,0.0010000,32,,,
769,0.8984,0.0000,0.6336,0.0000,0.0000,0.0000,0.0010000,32,,,
770,0.8995,0.0000,0.6948,0.0000,0.0000,0.0000,0.0010000,32,0.0000,0.0000,0.0000
771,0.9005,0.0000,0.6461,0.0000,0.0000,0.0000,0.0010000,32,,,
772,0.9015,0.0000,0.7263,0.0000,0.0000,0.0000,0.0010000,32,,,
773,0.9024,0.0000,0.6245,0.0000,0.0000,0.0000,0.0010000,32,,,
774,0.9034,0.0000,0.6093,0.0000,0.0000,0.0000,0.0010000,32,,,
775,0.9044,0.0000,0.5736,0.0000,0.0000,0.0000,0.0010000,33,,,
776,0.9053,0.0000,0.5624,0.0000,0.0000,0.0000,0.0010000,33,,,
777,0.9063,0.0000,0.7168,0.0000,0.0000,0.0000,0.0010000,33,,,
778,0.9072,0.0000,0.6107,0.0000,0.0000,0.0000,0.0010000,33,,,
779,0.9082,0.0000,0.6573,0.0000,0.0000,0.0000,0.0010000,33,,,
780,0.9091,0.0000,0.6461,0.0000,0.0000,0.0000,0.0010000,33,0.0000,0.0000,0.0000
781,0.9100,0.0000,0.5934,0.0000,0.0000,0.0000,0.0010000,33,,,
782,0.9109,0.0000,0.5848,0.0000,0.0000,0.0000,0.0010000,33,,,
783,0.9118,0.0000,0.4752,0.0000,0.0000,0.0000,0.0010000,33,,,
784,0.9127,0.0000,0.6141,0.0000,0.0000,0.0000,0.0010000,33,,,
785,0.9135,0.0000,0.6810,0.0000,0.0000,0.0000,0.0010000,33,,,
786,0.9144,0.0000,0.6325,0.0000,0.0000,0.0000,0.0010000,33,,,
787,0.9152,0.0000,0.5801,0.0000,0.0000,0.0000,0.0010000,33,,,
788,0.9161,0.0000,0.6029,0.0000,0.0000,0.0000,0.0010000,33,,,
789,0.9169,0.0000,0.5941,0.0000,0.0000,0.0000,0.0010000,33,,,
790,0.9178,0.0000,0.5281,0.0000,0.0000,0.0000,0.0010000,33,0.0000,0.0000,0.0000
791,0.9186,0.0000,0.5857,0.0000,0.0000,0.0000,0.0010000,33,,,
792,0.9194,0.0000,0.6578,0.0000,0.0000,0.0000,0.0010000,33,,,
793,0.9202,0.0000,0.5760,0.0000,0.0000,0.0000,0.0010000,33,,,
794,0.9210,0.0000,0.5828,0.0000,0.0000,0.0000,0.0010000,33,,,
795,0.9218,0.0000,0.7318,0.0000,0.0000,0.0000,0.0010000,33,,,
796,0.9226,0.0000,0.5117,0.0000,0.0000,0.0000,0.0010000,33,,,
797,0.9234,0.0000,0.6462,0.0000,0.0000,0.0000,0.0010000,33,,,
798,0.9241,0.0000,0.5589,0.0000,0.0000,0.0000,0.0010000,33,,,
799,0.9249,0.0000,0.5516,0.0000,0.0000,0.0000,0.0010000,33,,,
800,0.9256,0.0000,0.5596,0.0000,0.0000,0.0000,0.0010000,34,0.0000,0.0000,0.0000
801,0.9264,0.0000,0.6409,0.0000,0.0000,0.0000,0.0010000,34,,,
802,0.9271,0.0000,0.5750,0.0000,0.0000,0.0000,0.0010000,34,,,
803,0.9278,0.0000,0.5940,0.0000,0.0000,0.0000,0.0010000,34,,,
804,0.9286,0.0000,0.6240,0.0000,0.0000,0.0000,0.0010000,34,,,
805,0.9293,0.0000,0.6515,0.0000,0.0000,0.0000,0.0010000,34,,,
806,0.9300,0.0000,0.6056,0.0000,0.0000,0.0000,0.0010000,34,,,
807,0.9307,0.0000,0.5974,0.0000,0.0000,0.0000,0.0010000,34,,,
808,0.9314,0.0000,0.5114,0.0000,0.0000,0.0000,0.0010000,34,,,
809,0.9321,0.0000,0.5840,0.0000,0.0000,0.0000,0.0010000,34,,,
810,0.9327,0.0000,0.5291,0.0000,0.0000,0.0000,0.0010000,34,0.0000,0.0000,0.0000
811,0.9334,0.0000,0.5808,0.0000,0.0000,0.0000,0.0010000,34,,,
812,0.9341,0.0000,0.5775,0.0000,0.0000,0.0000,0.0010000,34,,,
813,0.9347,0.0000,0.5868,0.0000,0.0000,0.0000,0.0010000,34,,,
814,0.9354,0.0000,0.4973,0.0000,0.0000,0.0000,0.0010000,34,,,
815,0.9360,0.0000,0.4552,0.0000,0.0000,0.0000,0.0010000,34,,,
816,0.9367,0.0000,0.6196,0.0000,0.0000,0.0000,0.0010000,34,,,
817,0.9373,0.0000,0.6089,0.0000,0.0000,0.0000,0.0010000,34,,,
818,0.9379,0.0000,0.5535,0.0000,0.0000,0.0000,0.0010000,34,,,
819,0.9386,0.0000,0.5552,0.0000,0.0000,0.0000,0.0010000,34,,,
820,0.9392,0.0000,0.4278,0.0000,0.0000,0.0000,0.0010000,34,0.0000,0.0000,0.0000
821,0.9398,0.0000,0.5145,0.0000,0.0000,0.0000,0.0010000,34,,,
822,0.9404,0.0000,0.4446,0.0000,0.0000,0.0000,0.0010000,34,,,
823,0.9410,0.0000,0.6087,0.0000,0.0000,0.0000,0.0010000,34,,,
824,0.9416,0.0000,0.6152,0.0000,0.0000,0.0000,0.0010000,35,,,
825,0.9422,0.0000,0.5283,0.0000,0.0000,0.0000,0.0010000,35,,,
826,0.9427,0.0000,0.5305,0.0000,0.0000,0.0000,0.0010000,35,,,
827,0.9433,0.0000,0.4886,0.0000,0.0000,0.0000,0.0010000,35,,,
828,0.9439,0.0000,0.5328,0.0000,0.0000,0.0000,0.0010000,35,,,
829,0.9444,0.0000,0.4747,0.0000,0.0000,0.0000,0.0010000,35,,,
830,0.9450,0.0000,0.4883,0.0000,0.0000,0.0000,0.0010000,35,0.0000,0.0000,0.0000
831,0.9455,0.0000,0.4936,0.0000,0.0000,0.0000,0.0010000,35,,,
832,0.9461,0.0000,0.6002,0.0000,0.0000,0.0000,0.0010000,35,,,
833,0.9466,0.0000,0.5148,0.0000,0.0000,0.0000,0.0010000,35,,,
834,0.9472,0.0000,0.5161,0.0000,0.0000,0.0000,0.0010000,35,,,
835,0.9477,0.0000,0.4222,0.0000,0.0000,0.0000,0.0010000,35,,,
836,0.9482,0.0000,0.4860,0.0000,0.0000,0.0000,0.0010000,35,,,
837,0.9487,0.0000,0.5058,0.0000,0.0000,0.0000,0.0010000,35,,,
838,0.9492,0.0000,0.5789,0.0000,0.0000,0.0000,0.0010000,35,,,
839,0.9497,0.0000,0.5190,0.0000,0.0000,0.0000,0.0010000,35,,,
840,0.9502,0.0000,0.4946,0.0000,0.0000,0.0000,0.0010000,35,0.0000,0.0000,0.0000
841,0.9507,0.0000,0.6066,0.0000,0.0000,0.0000,0.0010000,35,,,
842,0.9512,0.0000,0.6959,0.0000,0.0000,0.0000,0.0010000,35,,,
843,0.9517,0.0000,0.4825,0.0000,0.0000,0.0000,0.0010000,35,,,
844,0.9522,0.0000,0.5222,0.0000,0.0000,0.0000,0.0010000,35,,,
845,0.9527,0.0000,0.5986,0.0000,0.0000,0.0000,0.0010000,35,,,
846,0.9532,0.0000,0.4804,0.0000,0.0000,0.0000,0.0010000,35,,,
847,0.9536,0.0000,0.4578,0.0000,0.0000,0.0000,0.0010000,35,,,
848,0.9541,0.0000,0.4920,0.0000,0.0000,0.0000,0.0010000,36,,,
849,0.9546,0.0000,0.4902,0.0000,0.0000,0.0000,0.0010000,36,,,
850,0.9550,0.0000,0.5109,0.0000,0.0000,0.0000,0.0010000,36,0.0000,0.0000,0.0000
851,0.9555,0.0000,0.6241,0.0000,0.0000,0.0000,0.0010000,36,,,
852,0.9559,0.0000,0.6105,0.0000,0.0000,0.0000,0.0010000,36,,,
853,0.9563,0.0000,0.5140,0.0000,0.0000,0.0000,0.0010000,36,,,
854,0.9568,0.0000,0.5721,0.0000,0.0000,0.0000,0.0010000,36,,,
855,0.9572,0.0000,0.5122,0.0000,0.0000,0.0000,0.0010000,36,,,
856,0.9576,0.0000,0.4671,0.0000,0.0000,0.0000,0.0010000,36,,,
857,0.9581,0.0000,0.5070,0.0000,0.0000,0.0000,0.0010000,36,,,
858,0.9585,0.0000,0.5521,0.0000,0.0000,0.0000,0.0010000,36,,,
859,0.9589,0.0000,0.6091,0.0000,0.0000,0.0000,0.0010000,36,,,
860,0.9593,0.0000,0.5525,0.0000,0.0000,0.0000,0.0010000,36,0.0000,0.0000,0.0000
861,0.9597,0.0000,0.4829,0.0000,0.0000,0.0000,0.0010000,36,,,
862,0.9601,0.0000,0.5551,0.0000,0.0000,0.0000,0.0010000,36,,,
863,0.9605,0.0000,0.5488,0.0000,0.0000,0.0000,0.0010000,36,,,
864,0.9609,0.0000,0.5663,0.0000,0.0000,0.0000,0.0010000,36,,,
865,0.9613,0.0000,0.5289,0.0000,0.0000,0.0000,0.0010000,36,,,
866,0.9617,0.0000,0.4473,0.0000,0.0000,0.0000,0.0010000,36,,,
867,0.9621,0.0000,0.6175,0.0000,0.0000,0.0000,0.0010000,36,,,
868,0.9625,0.0000,0.6064,0.0000,0.0000,0.0000,0.0010000,36,,,
869,0.9628,0.0000,0.5381,0.0000,0.0000,0.0000,0.0010000,36,,,
870,0.9632,0.0000,0.4677,0.0000,0.0000,0.0000,0.0010000,36,0.0000,0.0000,0.0000
871,0.9636,0.0000,0.6167,0.0000,0.0000,0.0000,0.0010000,36,,,
872,0.9639,0.0000,0.4811,0.0000,0.0000,0.0000,0.0010000,36,,,
873,0.9643,0.0000,0.5359,0.0000,0.0000,0.0000,0.0010000,37,,,
874,0.9646,0.0000,0.5341,0.0000,0.0000,0.0000,0.0010000,37,,,
875,0.9650,0.0000,0.5532,0.0000,0.0000,0.0000,0.0010000,37,,,
876,0.9654,0.0000,0.5236,0.0000,0.0000,0.0000,0.0010000,37,,,
877,0.9657,0.0000,0.4836,0.0000,0.0000,0.0000,0.0010000,37,,,
878,0.9660,0.0000,0.5448,0.0000,0.0000,0.0000,0.0010000,37,,,
879,0.9664,0.0000,0.4444,0.0000,0.0000,0.0000,0.0010000,37,,,
880,0.9667,0.0000,0.6686,0.0000,0.0000,0.0000,0.0010000,37,0.0000,0.0000,0.0000
881,0.9670,0.0000,0.6317,0.0000,0.0000,0.0000,0.0010000,37,,,
882,0.9674,0.0000,0.5114,0.0000,0.0000,0.0000,0.0010000,37,,,
883,0.9677,0.0000,0.4829,0.0000,0.0000,0.0000,0.0010000,37,,,
884,0.9680,0.0000,0.4516,0.0000,0.0000,0.0000,0.0010000,37,,,
885,0.9683,0.0000,0.3533,0.0000,0.0000,0.0000,0.0010000,37,,,
886,0.9687,0.0000,0.5768,0.0000,0.0000,0.0000,0.0010000,37,,,
887,0.9690,0.0000,0.4421,0.0000,0.0000,0.0000,0.0010000,37,,,
888,0.9693,0.0000,0.4970,0.0000,0.0000,0.0000,0.0010000,37,,,
889,0.9696,0.0000,0.6158,0.0000,0.0000,0.0000,0.0010000,37,,,
890,0.9699,0.0000,0.5664,0.0000,0.0000,0.0000,0.0010000,37,0.0000,0.0000,0.0000
891,0.9702,0.0000,0.5085,0.0000,0.0000,0.0000,0.0010000,37,,,
892,0.9705,0.0000,0.6308,0.0000,0.0000,0.0000,0.0010000,37,,,
893,0.9708,0.0000,0.5476,0.0000,0.0000,0.0000,0.0010000,37,,,
894,0.9711,0.0000,0.5146,0.0000,0.0000,0.0000,0.0010000,37,,,
895,0.9714,0.0000,0.4722,0.0000,0.0000,0.0000,0.0010000,37,,,
896,0.9717,0.0000,0.5703,0.0000,0.0000,0.0000,0.0010000,37,,,
897,0.9719,0.0000,0.5660,0.0000,0.0000,0.0000,0.0010000,37,,,
898,0.9722,0.0000,0.5678,0.0000,0.0000,0.0000,0.0010000,38,,,
899,0.9725,0.0000,0.5930,0.0000,0.0000,0.0000,0.0010000,38,,,
900,0.9728,0.0000,0.4865,0.0000,0.0000,0.0000,0.0010000,38,0.0000,0.0000,0.0000
901,0.9730,0.0000,0.4914,0.0000,0.0000,0.0000,0.0010000,38,,,
902,0.9733,0.0000,0.4184,0.0000,0.0000,0.0000,0.0010000,38,,,
903,0.9736,0.0000,0.5152,0.0000,0.0000,0.0000,0.0010000,38,,,
904,0.9739,0.0000,0.5954,0.0000,0.0000,0.0000,0.0010000,38,,,
905,0.9741,0.0000,0.4423,0.0000,0.0000,0.0000,0.0010000,38,,,
906,0.9744,0.0000,0.4124,0.0000,0.0000,0.0000,0.0010000,38,,,
907,0.9746,0.0000,0.6614,0.0000,0.0000,0.0000,0.0010000,38,,,
908,0.9749,0.0000,0.4348,0.0000,0.0000,0.0000,0.0010000,38,,,
909,0.9751,0.0000,0.4713,0.0000,0.0000,0.0000,0.0010000,38,,,
910,0.9754,0.0000,0.5509,0.0000,0.0000,0.0000,0.0010000,38,0.0000,0.0000,0.0000
911,0.9756,0.0000,0.6420,0.0000,0.0000,0.0000,0.0010000,38,,,
912,0.9759,0.0000,0.4845,0.0000,0.0000,0.0000,0.0010000,38,,,
913,0.9761,0.0000,0.5714,0.0000,0.0000,0.0000,0.0010000,38,,,
914,0.9764,0.0000,0.4816,0.0000,0.0000,0.0000,0.0010000,38,,,
915,0.9766,0.0000,0.4946,0.0000,0.0000,0.0000,0.0010000,38,,,
916,0.9768,0.0000,0.5751,0.0000,0.0000,0.0000,0.0010000,38,,,
917,0.9771,0.0000,0.4501,0.0000,0.0000,0.0000,0.0010000,38,,,
918,0.9773,0.0000,0.4162,0.0000,0.0000,0.0000,0.0010000,38,,,
919,0.9775,0.0000,0.4784,0.0000,0.0000,0.0000,0.0010000,38,,,
920,0.9777,0.0000,0.5226,0.0000,0.0000,0.0000,0.0010000,38,0.0000,0.0000,0.0000
921,0.9780,0.0000,0.5218,0.0000,0.0000,0.0000,0.0010000,38,,,
922,0.9782,0.0000,0.4534,0.0000,0.0000,0.0000,0.0010000,39,,,
923,0.9784,0.0000,0.5197,0.0000,0.0000,0.0000,0.0010000,39,,,
924,0.9786,0.0000,0.4805,0.0000,0.0000,0.0000,0.0010000,39,,,
925,0.9788,0.0000,0.4981,0.0000,0.0000,0.0000,0.0010000,39,,,
926,0.9790,0.0000,0.5958,0.0000,0.0000,0.0000,0.0010000,39,,,
927,0.9792,0.0000,0.4642,0.0000,0.0000,0.0000,0.0010000,39,,,
928,0.9795,0.0000,0.4597,0.0000,0.0000,0.0000,0.0010000,39,,,
929,0.9797,0.0000,0.4877,0.0000,0.0000,0.0000,0.0010000,39,,,
930,0.9799,0.0000,0.4832,0.0000,0.0000,0.0000,0.0010000,39,0.0000,0.0000,0.0000
931,0.9801,0.0000,0.4217,0.0000,0.0000,0.0000,0.0010000,39,,,
932,0.9803,0.0000,0.4665,0.0000,0.0000,0.0000,0.0010000,39,,,
933,0.9805,0.0000,0.4118,0.0000,0.0000,0.0000,0.0010000,39,,,
934,0.9807,0.0000,0.4129,0.0000,0.0000,0.0000,0.0010000,39,,,
935,0.9809,0.0000,0.5092,0.0000,0.0000,0.0000,0.0010000,39,,,
936,0.9810,0.0000,0.5666,0.0000,0.0000,0.0000,0.0010000,39,,,
937,0.9812,0.0000,0.4714,0.0000,0.0000,0.0000,0.0010000,39,,,
938,0.9814,0.0000,0.4658,0.0000,0.0000,0.0000,0.0010000,39,,,
939,0.9816,0.0000,0.4125,0.0000,0.0000,0.0000,0.0010000,39,,,
940,0.9818,0.0000,0.5155,0.0000,0.0000,0.0000,0.0010000,39,0.0000,0.0000,0.0000
941,0.9820,0.0000,0.4930,0.0000,0.0000,0.0000,0.0010000,39,,,
942,0.9822,0.0000,0.4697,0.0000,0.0000,0.0000,0.0010000,39,,,
943,0.9823,0.0000,0.4721,0.0000,0.0000,0.0000,0.0010000,39,,,
944,0.9825,0.0000,0.4128,0.0000,0.0000,0.0000,0.0010000,39,,,
945,0.9827,0.0000,0.4535,0.0000,0.0000,0.0000,0.0010000,39,,,
946,0.9829,0.0000,0.4278,0.0000,0.0000,0.0000,0.0010000,39,,,
947,0.9830,0.0000,0.5155,0.0000,0.0000,0.0000,0.0010000,40,,,
948,0.9832,0.0000,0.5056,0.0000,0.0000,0.0000,0.0010000,40,,,
949,0.9834,0.0000,0.4362,0.0000,0.0000,0.0000,0.0010000,40,,,
950,0.9835,0.0000,0.5164,0.0000,0.0000,0.0000,0.0010000,40,0.0000,0.0000,0.0000
951,0.9837,0.0000,0.4192,0.0000,0.0000,0.0000,0.0010000,40,,,
952,0.9839,0.0000,0.4737,0.0000,0.0000,0.0000,0.0010000,40,,,
953,0.9840,0.0000,0.4808,0.0000,0.0000,0.0000,0.0010000,40,,,
954,0.9842,0.0000,0.5331,0.0000,0.0000,0.0000,0.0010000,40,,,
955,0.9843,0.0000,0.4621,0.0000,0.0000,0.0000,0.0010000,40,,,
956,0.9845,0.0000,0.3937,0.0000,0.0000,0.0000,0.0010000,40,,,
957,0.9846,0.0000,0.4903,0.0000,0.0000,0.0000,0.0010000,40,,,
958,0.9848,0.0000,0.5485,0.0000,0.0000,0.0000,0.0010000,40,,,
959,0.9850,0.0000,0.5361,0.0000,0.0000,0.0000,0.0010000,40,,,
960,0.9851,0.0000,0.4624,0.0000,0.0000,0.0000,0.0010000,40,0.0000,0.0000,0.0000
961,0.9853,0.0000,0.4003,0.0000,0.0000,0.0000,0.0010000,40,,,
962,0.9854,0.0000,0.5805,0.0000,0.0000,0.0000,0.0010000,40,,,
963,0.9855,0.0000,0.6117,0.0000,0.0000,0.0000,0.0010000,40,,,
964,0.9857,0.0000,0.4348,0.0000,0.0000,0.0000,0.0010000,40,,,
965,0.9858,0.0000,0.4716,0.0000,0.0000,0.0000,0.0010000,40,,,
966,0.9860,0.0000,0.4878,0.0000,0.0000,0.0000,0.0010000,40,,,
967,0.9861,0.0000,0.4433,0.0000,0.0000,0.0000,0.0010000,40,,,
968,0.9863,0.0000,0.4033,0.0000,0.0000,0.0000,0.0010000,40,,,
969,0.9864,0.0000,0.4957,0.0000,0.0000,0.0000,0.0010000,40,,,
970,0.9865,0.0000,0.4317,0.0000,0.0000,0.0000,0.0010000,41,0.0000,0.0000,0.0000
971,0.9867,0.0000,0.4279,0.0000,0.0000,0.0000,0.0010000,41,,,
972,0.9868,0.0000,0.4227,0.0000,0.0000,0.0000,0.0010000,41,,,
973,0.9869,0.0000,0.3948,0.0000,0.0000,0.0000,0.0010000,41,,,
974,0.9871,0.0000,0.4914,0.0000,0.0000,0.0000,0.0010000,41,,,
975,0.9872,0.0000,0.4263,0.0000,0.0000,0.0000,0.0010000,41,,,
976,0.9873,0.0000,0.3715,0.0000,0.0000,0.0000,0.0010000,41,,,
977,0.9874,0.0000,0.3611,0.0000,0.0000,0.0000,0.0010000,41,,,
978,0.9876,0.0000,0.4746,0.0000,0.0000,0.0000,0.0010000,41,,,
979,0.9877,0.0000,0.4076,0.0000,0.0000,0.0000,0.0010000,41,,,
980,0.9878,0.0000,0.5087,0.0000,0.0000,0.0000,0.0010000,41,0.0000,0.0000,0.0000
981,0.9879,0.0000,0.4879,0.0000,0.0000,0.0000,0.0010000,41,,,
982,0.9881,0.0000,0.3674,0.0000,0.0000,0.0000,0.0010000,41,,,
983,0.9882,0.0000,0.3836,0.0000,0.0000,0.0000,0.0010000,41,,,
984,0.9883,0.0000,0.4386,0.0000,0.0000,0.0000,0.0010000,41,,,
985,0.9884,0.0000,0.3727,0.0000,0.0000,0.0000,0.0010000,41,,,
986,0.9885,0.0000,0.4301,0.0000,0.0000,0.0000,0.0010000,41,,,
987,0.9886,0.0000,0.3541,0.0000,0.0000,0.0000,0.0010000,41,,,
988,0.9888,0.0000,0.4585,0.0000,0.0000,0.0000,0.0010000,41,,,
989,0.9889,0.0000,0.4813,0.0000,0.0000,0.0000,0.0010000,41,,,
990,0.9890,0.0000,0.4643,0.0000,0.0000,0.0000,0.0010000,41,0.0000,0.0000,0.0000
991,0.9891,0.0000,0.5068,0.0000,0.0000,0.0000,0.0010000,41,,,
992,0.9892,0.0000,0.4499,0.0000,0.0000,0.0000,0.0010000,41,,,
993,0.9893,0.0000,0.5655,0.0000,0.0000,0.0000,0.0010000,41,,,
994,0.9894,0.0000,0.4582,0.0000,0.0000,0.0000,0.0010000,41,,,
995,0.9895,0.0000,0.3880,0.0000,0.0000,0.0000,0.0010000,42,,,
996,0.9896,0.0000,0.4250,0.0000,0.0000,0.0000,0.0010000,42,,,
997,0.9897,0.0000,0.4904,0.0000,0.0000,0.0000,0.0010000,42,,,
998,0.9898,0.0000,0.4221,0.0000,0.0000,0.0000,0.0010000,42,,,
999,0.9899,0.0000,0.4675,0.0000,0.0000,0.0000,0.0010000,42,,,
1000,0.9900,0.0000,0.5160,0.0000,0.0000,0.0000,0.0010000,42,0.0000,0.0000,0.0000
